,object,receps,scores
0,ArmChair,ArmChair,-5.5546875
1,ArmChair,BathtubBasin,-7.46015625
2,ArmChair,Bed,-4.1748046875
3,ArmChair,Cabinet,-5.007421875
4,ArmChair,Cart,-4.554296875
5,ArmChair,CoffeeMachine,-6.92265625
6,ArmChair,CoffeeTable,-5.59921875
7,ArmChair,CounterTop,-4.6587890625
8,ArmChair,Desk,-3.215234375
9,ArmChair,DiningTable,-4.6400390625
10,ArmChair,Drawer,-5.803515625
11,ArmChair,Dresser,-5.48046875
12,ArmChair,Fridge,-6.350390625
13,ArmChair,GarbageCan,-6.526171875
14,ArmChair,Microwave,-7.113671875
15,ArmChair,Ottoman,-5.31953125
16,ArmChair,Safe,-5.45078125
17,ArmChair,Shelf,-4.3423828125
18,ArmChair,SideTable,-4.3916015625
19,ArmChair,SinkBasin,-4.5541015625
20,ArmChair,Sofa,-3.12265625
21,ArmChair,StoveBurner,-7.033984375
22,ArmChair,TVStand,-4.516015625
23,ArmChair,Toilet,-5.8
24,BathtubBasin,ArmChair,-6.1017578125
25,BathtubBasin,BathtubBasin,-6.7390625
26,BathtubBasin,Bed,-4.584375
27,BathtubBasin,Cabinet,-5.471484375
28,BathtubBasin,Cart,-5.5001953125
29,BathtubBasin,CoffeeMachine,-7.4890625
30,BathtubBasin,CoffeeTable,-6.15078125
31,BathtubBasin,CounterTop,-4.1646484375
32,BathtubBasin,Desk,-4.2009765625
33,BathtubBasin,DiningTable,-5.679296875
34,BathtubBasin,Drawer,-6.134765625
35,BathtubBasin,Dresser,-5.3431640625
36,BathtubBasin,Fridge,-6.17421875
37,BathtubBasin,GarbageCan,-7.355859375
38,BathtubBasin,Microwave,-7.336328125
39,BathtubBasin,Ottoman,-6.2640625
40,BathtubBasin,Safe,-6.116015625
41,BathtubBasin,Shelf,-4.3533203125
42,BathtubBasin,SideTable,-4.2154296875
43,BathtubBasin,SinkBasin,-5.133203125
44,BathtubBasin,Sofa,-4.948828125
45,BathtubBasin,StoveBurner,-6.37421875
46,BathtubBasin,TVStand,-4.8705078125
47,BathtubBasin,Toilet,-6.4537109375
48,Bed,ArmChair,-6.5015625
49,Bed,BathtubBasin,-7.601953125
50,Bed,Bed,-4.928515625
51,Bed,Cabinet,-5.23046875
52,Bed,Cart,-4.998046875
53,Bed,CoffeeMachine,-8.74140625
54,Bed,CoffeeTable,-7.49765625
55,Bed,CounterTop,-5.546875
56,Bed,Desk,-4.9708984375
57,Bed,DiningTable,-6.2015625
58,Bed,Drawer,-5.228515625
59,Bed,Dresser,-4.6451171875
60,Bed,Fridge,-6.812890625
61,Bed,GarbageCan,-7.61015625
62,Bed,Microwave,-8.11796875
63,Bed,Ottoman,-5.1283203125
64,Bed,Safe,-5.961328125
65,Bed,Shelf,-5.2939453125
66,Bed,SideTable,-5.522265625
67,Bed,SinkBasin,-6.3890625
68,Bed,Sofa,-4.0154296875
69,Bed,StoveBurner,-8.597265625
70,Bed,TVStand,-5.487890625
71,Bed,Toilet,-8.162890625
72,Cabinet,ArmChair,-7.205859375
73,Cabinet,BathtubBasin,-9.412109375
74,Cabinet,Bed,-6.177734375
75,Cabinet,Cabinet,-4.7697265625
76,Cabinet,Cart,-6.255078125
77,Cabinet,CoffeeMachine,-7.625
78,Cabinet,CoffeeTable,-6.181640625
79,Cabinet,CounterTop,-4.301953125
80,Cabinet,Desk,-4.38359375
81,Cabinet,DiningTable,-5.56484375
82,Cabinet,Drawer,-5.60625
83,Cabinet,Dresser,-5.156640625
84,Cabinet,Fridge,-5.975390625
85,Cabinet,GarbageCan,-8.002734375
86,Cabinet,Microwave,-7.344921875
87,Cabinet,Ottoman,-6.918359375
88,Cabinet,Safe,-5.565234375
89,Cabinet,Shelf,-4.2078125
90,Cabinet,SideTable,-4.5396484375
91,Cabinet,SinkBasin,-5.37890625
92,Cabinet,Sofa,-5.899609375
93,Cabinet,StoveBurner,-7.749609375
94,Cabinet,TVStand,-5.93984375
95,Cabinet,Toilet,-7.573046875
96,Cart,ArmChair,-9.21640625
97,Cart,BathtubBasin,-11.18671875
98,Cart,Bed,-7.496875
99,Cart,Cabinet,-8.204296875
100,Cart,Cart,-9.44921875
101,Cart,CoffeeMachine,-10.80078125
102,Cart,CoffeeTable,-8.77421875
103,Cart,CounterTop,-7.064453125
104,Cart,Desk,-7.0140625
105,Cart,DiningTable,-7.1484375
106,Cart,Drawer,-8.20703125
107,Cart,Dresser,-8.576171875
108,Cart,Fridge,-7.40625
109,Cart,GarbageCan,-8.96796875
110,Cart,Microwave,-10.26640625
111,Cart,Ottoman,-9.71875
112,Cart,Safe,-8.178125
113,Cart,Shelf,-7.5328125
114,Cart,SideTable,-7.316015625
115,Cart,SinkBasin,-7.362890625
116,Cart,Sofa,-7.21015625
117,Cart,StoveBurner,-10.27578125
118,Cart,TVStand,-8.33046875
119,Cart,Toilet,-10.812890625
120,CoffeeMachine,ArmChair,-5.83359375
121,CoffeeMachine,BathtubBasin,-7.984375
122,CoffeeMachine,Bed,-4.22421875
123,CoffeeMachine,Cabinet,-5.534765625
124,CoffeeMachine,Cart,-5.65859375
125,CoffeeMachine,CoffeeMachine,-9.70546875
126,CoffeeMachine,CoffeeTable,-4.0224609375
127,CoffeeMachine,CounterTop,-2.4748046875
128,CoffeeMachine,Desk,-3.1544921875
129,CoffeeMachine,DiningTable,-4.48828125
130,CoffeeMachine,Drawer,-5.293359375
131,CoffeeMachine,Dresser,-5.65
132,CoffeeMachine,Fridge,-6.763671875
133,CoffeeMachine,GarbageCan,-7.075
134,CoffeeMachine,Microwave,-7.691015625
135,CoffeeMachine,Ottoman,-5.99609375
136,CoffeeMachine,Safe,-6.880078125
137,CoffeeMachine,Shelf,-3.6029296875
138,CoffeeMachine,SideTable,-3.5041015625
139,CoffeeMachine,SinkBasin,-5.38671875
140,CoffeeMachine,Sofa,-4.3759765625
141,CoffeeMachine,StoveBurner,-5.38359375
142,CoffeeMachine,TVStand,-4.72421875
143,CoffeeMachine,Toilet,-7.8955078125
144,CoffeeTable,ArmChair,-6.285546875
145,CoffeeTable,BathtubBasin,-7.605859375
146,CoffeeTable,Bed,-4.988671875
147,CoffeeTable,Cabinet,-5.06953125
148,CoffeeTable,Cart,-5.0859375
149,CoffeeTable,CoffeeMachine,-5.6349609375
150,CoffeeTable,CoffeeTable,-4.69921875
151,CoffeeTable,CounterTop,-4.0861328125
152,CoffeeTable,Desk,-4.443359375
153,CoffeeTable,DiningTable,-5.2873046875
154,CoffeeTable,Drawer,-5.716015625
155,CoffeeTable,Dresser,-4.9400390625
156,CoffeeTable,Fridge,-5.726171875
157,CoffeeTable,GarbageCan,-6.762890625
158,CoffeeTable,Microwave,-6.741015625
159,CoffeeTable,Ottoman,-5.873046875
160,CoffeeTable,Safe,-5.83515625
161,CoffeeTable,Shelf,-4.7591796875
162,CoffeeTable,SideTable,-4.595703125
163,CoffeeTable,SinkBasin,-5.0375
164,CoffeeTable,Sofa,-4.080078125
165,CoffeeTable,StoveBurner,-7.084765625
166,CoffeeTable,TVStand,-5.09765625
167,CoffeeTable,Toilet,-7.00234375
168,CounterTop,ArmChair,-6.22265625
169,CounterTop,BathtubBasin,-6.669921875
170,CounterTop,Bed,-5.4736328125
171,CounterTop,Cabinet,-3.8603515625
172,CounterTop,Cart,-4.9765625
173,CounterTop,CoffeeMachine,-5.759765625
174,CounterTop,CoffeeTable,-5.453125
175,CounterTop,CounterTop,-2.6373046875
176,CounterTop,Desk,-4.209375
177,CounterTop,DiningTable,-5.503515625
178,CounterTop,Drawer,-5.33828125
179,CounterTop,Dresser,-4.3541015625
180,CounterTop,Fridge,-4.332421875
181,CounterTop,GarbageCan,-7.0046875
182,CounterTop,Microwave,-5.492578125
183,CounterTop,Ottoman,-5.3001953125
184,CounterTop,Safe,-4.928515625
185,CounterTop,Shelf,-5.0322265625
186,CounterTop,SideTable,-5.01015625
187,CounterTop,SinkBasin,-3.4662109375
188,CounterTop,Sofa,-5.483984375
189,CounterTop,StoveBurner,-6.251171875
190,CounterTop,TVStand,-5.4177734375
191,CounterTop,Toilet,-7.090234375
192,Desk,ArmChair,-6.30859375
193,Desk,BathtubBasin,-8.354296875
194,Desk,Bed,-5.0728515625
195,Desk,Cabinet,-5.526171875
196,Desk,Cart,-5.98515625
197,Desk,CoffeeMachine,-8.42734375
198,Desk,CoffeeTable,-6.013671875
199,Desk,CounterTop,-4.8064453125
200,Desk,Desk,-3.621875
201,Desk,DiningTable,-5.91640625
202,Desk,Drawer,-5.31171875
203,Desk,Dresser,-5.13828125
204,Desk,Fridge,-5.928515625
205,Desk,GarbageCan,-7.27578125
206,Desk,Microwave,-7.6390625
207,Desk,Ottoman,-6.151171875
208,Desk,Safe,-6.01015625
209,Desk,Shelf,-4.8833984375
210,Desk,SideTable,-4.773828125
211,Desk,SinkBasin,-5.5646484375
212,Desk,Sofa,-4.540234375
213,Desk,StoveBurner,-7.71796875
214,Desk,TVStand,-5.425390625
215,Desk,Toilet,-7.0375
216,DiningTable,ArmChair,-6.780078125
217,DiningTable,BathtubBasin,-7.804296875
218,DiningTable,Bed,-5.8208984375
219,DiningTable,Cabinet,-5.46640625
220,DiningTable,Cart,-5.144921875
221,DiningTable,CoffeeMachine,-7.621484375
222,DiningTable,CoffeeTable,-6.900390625
223,DiningTable,CounterTop,-4.915234375
224,DiningTable,Desk,-4.7890625
225,DiningTable,DiningTable,-4.562890625
226,DiningTable,Drawer,-5.8703125
227,DiningTable,Dresser,-5.175
228,DiningTable,Fridge,-5.764453125
229,DiningTable,GarbageCan,-7.028515625
230,DiningTable,Microwave,-7.1671875
231,DiningTable,Ottoman,-5.619921875
232,DiningTable,Safe,-6.673828125
233,DiningTable,Shelf,-5.133203125
234,DiningTable,SideTable,-4.8345703125
235,DiningTable,SinkBasin,-4.985546875
236,DiningTable,Sofa,-5.1462890625
237,DiningTable,StoveBurner,-7.90625
238,DiningTable,TVStand,-5.59375
239,DiningTable,Toilet,-7.5859375
240,Drawer,ArmChair,-6.93515625
241,Drawer,BathtubBasin,-8.644140625
242,Drawer,Bed,-5.4990234375
243,Drawer,Cabinet,-4.654296875
244,Drawer,Cart,-5.81328125
245,Drawer,CoffeeMachine,-8.34140625
246,Drawer,CoffeeTable,-6.432421875
247,Drawer,CounterTop,-5.2609375
248,Drawer,Desk,-3.682421875
249,Drawer,DiningTable,-5.2595703125
250,Drawer,Drawer,-4.5728515625
251,Drawer,Dresser,-3.1236328125
252,Drawer,Fridge,-6.02421875
253,Drawer,GarbageCan,-7.962109375
254,Drawer,Microwave,-7.62578125
255,Drawer,Ottoman,-5.3796875
256,Drawer,Safe,-3.8150390625
257,Drawer,Shelf,-5.112109375
258,Drawer,SideTable,-4.1041015625
259,Drawer,SinkBasin,-5.45234375
260,Drawer,Sofa,-5.425390625
261,Drawer,StoveBurner,-8.016796875
262,Drawer,TVStand,-6.212890625
263,Drawer,Toilet,-8.726171875
264,Dresser,ArmChair,-7.362890625
265,Dresser,BathtubBasin,-8.184375
266,Dresser,Bed,-5.319921875
267,Dresser,Cabinet,-5.044140625
268,Dresser,Cart,-5.82890625
269,Dresser,CoffeeMachine,-8.41875
270,Dresser,CoffeeTable,-8.17890625
271,Dresser,CounterTop,-5.630078125
272,Dresser,Desk,-5.0484375
273,Dresser,DiningTable,-6.2875
274,Dresser,Drawer,-5.112890625
275,Dresser,Dresser,-5.3599609375
276,Dresser,Fridge,-6.009765625
277,Dresser,GarbageCan,-6.958203125
278,Dresser,Microwave,-8.028125
279,Dresser,Ottoman,-5.84375
280,Dresser,Safe,-5.7115234375
281,Dresser,Shelf,-5.278125
282,Dresser,SideTable,-5.090234375
283,Dresser,SinkBasin,-5.36875
284,Dresser,Sofa,-5.0068359375
285,Dresser,StoveBurner,-8.430078125
286,Dresser,TVStand,-6.290625
287,Dresser,Toilet,-7.824609375
288,Fridge,ArmChair,-7.411328125
289,Fridge,BathtubBasin,-9.4984375
290,Fridge,Bed,-6.208203125
291,Fridge,Cabinet,-6.24609375
292,Fridge,Cart,-6.783203125
293,Fridge,CoffeeMachine,-8.218359375
294,Fridge,CoffeeTable,-6.399609375
295,Fridge,CounterTop,-4.3607421875
296,Fridge,Desk,-4.6201171875
297,Fridge,DiningTable,-5.97578125
298,Fridge,Drawer,-5.766015625
299,Fridge,Dresser,-5.471484375
300,Fridge,Fridge,-5.81171875
301,Fridge,GarbageCan,-8.1
302,Fridge,Microwave,-8.006640625
303,Fridge,Ottoman,-6.41953125
304,Fridge,Safe,-6.52421875
305,Fridge,Shelf,-4.7796875
306,Fridge,SideTable,-4.8810546875
307,Fridge,SinkBasin,-6.325
308,Fridge,Sofa,-6.019140625
309,Fridge,StoveBurner,-7.757421875
310,Fridge,TVStand,-5.83125
311,Fridge,Toilet,-10.11171875
312,GarbageCan,ArmChair,-6.64296875
313,GarbageCan,BathtubBasin,-8.287109375
314,GarbageCan,Bed,-5.63671875
315,GarbageCan,Cabinet,-5.65078125
316,GarbageCan,Cart,-5.2115234375
317,GarbageCan,CoffeeMachine,-8.437109375
318,GarbageCan,CoffeeTable,-6.689453125
319,GarbageCan,CounterTop,-4.4900390625
320,GarbageCan,Desk,-4.908984375
321,GarbageCan,DiningTable,-5.416796875
322,GarbageCan,Drawer,-5.3046875
323,GarbageCan,Dresser,-5.2703125
324,GarbageCan,Fridge,-6.39375
325,GarbageCan,GarbageCan,-6.434765625
326,GarbageCan,Microwave,-7.8234375
327,GarbageCan,Ottoman,-6.178125
328,GarbageCan,Safe,-7.21796875
329,GarbageCan,Shelf,-4.7177734375
330,GarbageCan,SideTable,-4.698828125
331,GarbageCan,SinkBasin,-4.875
332,GarbageCan,Sofa,-5.814453125
333,GarbageCan,StoveBurner,-7.459765625
334,GarbageCan,TVStand,-5.598828125
335,GarbageCan,Toilet,-7.978125
336,Microwave,ArmChair,-6.400390625
337,Microwave,BathtubBasin,-8.77421875
338,Microwave,Bed,-4.472265625
339,Microwave,Cabinet,-5.46328125
340,Microwave,Cart,-5.906640625
341,Microwave,CoffeeMachine,-7.59921875
342,Microwave,CoffeeTable,-4.9484375
343,Microwave,CounterTop,-2.7611328125
344,Microwave,Desk,-3.08125
345,Microwave,DiningTable,-4.213671875
346,Microwave,Drawer,-5.48125
347,Microwave,Dresser,-5.411328125
348,Microwave,Fridge,-5.838671875
349,Microwave,GarbageCan,-7.858203125
350,Microwave,Microwave,-6.866796875
351,Microwave,Ottoman,-5.44296875
352,Microwave,Safe,-6.11953125
353,Microwave,Shelf,-3.60390625
354,Microwave,SideTable,-3.575390625
355,Microwave,SinkBasin,-5.42265625
356,Microwave,Sofa,-5.252734375
357,Microwave,StoveBurner,-5.080078125
358,Microwave,TVStand,-4.165625
359,Microwave,Toilet,-9.11015625
360,Ottoman,ArmChair,-5.775
361,Ottoman,BathtubBasin,-7.46171875
362,Ottoman,Bed,-4.5611328125
363,Ottoman,Cabinet,-5.322265625
364,Ottoman,Cart,-5.575390625
365,Ottoman,CoffeeMachine,-7.925390625
366,Ottoman,CoffeeTable,-6.4171875
367,Ottoman,CounterTop,-4.32578125
368,Ottoman,Desk,-3.612890625
369,Ottoman,DiningTable,-5.265234375
370,Ottoman,Drawer,-4.7427734375
371,Ottoman,Dresser,-5.25859375
372,Ottoman,Fridge,-6.448046875
373,Ottoman,GarbageCan,-6.339453125
374,Ottoman,Microwave,-8.002734375
375,Ottoman,Ottoman,-7.088671875
376,Ottoman,Safe,-5.7791015625
377,Ottoman,Shelf,-4.41640625
378,Ottoman,SideTable,-4.490234375
379,Ottoman,SinkBasin,-5.515234375
380,Ottoman,Sofa,-4.340625
381,Ottoman,StoveBurner,-7.32734375
382,Ottoman,TVStand,-5.623046875
383,Ottoman,Toilet,-7.794921875
384,Safe,ArmChair,-6.161328125
385,Safe,BathtubBasin,-8.371875
386,Safe,Bed,-4.7650390625
387,Safe,Cabinet,-4.3015625
388,Safe,Cart,-5.666015625
389,Safe,CoffeeMachine,-7.363671875
390,Safe,CoffeeTable,-6.024609375
391,Safe,CounterTop,-4.0990234375
392,Safe,Desk,-3.2517578125
393,Safe,DiningTable,-5.00703125
394,Safe,Drawer,-4.1568359375
395,Safe,Dresser,-5.018359375
396,Safe,Fridge,-5.55390625
397,Safe,GarbageCan,-7.955859375
398,Safe,Microwave,-6.36484375
399,Safe,Ottoman,-5.97265625
400,Safe,Safe,-5.784375
401,Safe,Shelf,-3.53359375
402,Safe,SideTable,-3.80390625
403,Safe,SinkBasin,-5.186328125
404,Safe,Sofa,-4.8814453125
405,Safe,StoveBurner,-6.426171875
406,Safe,TVStand,-4.339453125
407,Safe,Toilet,-7.634765625
408,Shelf,ArmChair,-6.7609375
409,Shelf,BathtubBasin,-8.3828125
410,Shelf,Bed,-4.608203125
411,Shelf,Cabinet,-4.2662109375
412,Shelf,Cart,-5.6703125
413,Shelf,CoffeeMachine,-7.53671875
414,Shelf,CoffeeTable,-6.2171875
415,Shelf,CounterTop,-5.082421875
416,Shelf,Desk,-4.0466796875
417,Shelf,DiningTable,-5.180078125
418,Shelf,Drawer,-5.41328125
419,Shelf,Dresser,-3.7435546875
420,Shelf,Fridge,-4.8765625
421,Shelf,GarbageCan,-7.693359375
422,Shelf,Microwave,-7.182421875
423,Shelf,Ottoman,-4.86640625
424,Shelf,Safe,-5.29453125
425,Shelf,Shelf,-3.7322265625
426,Shelf,SideTable,-3.8728515625
427,Shelf,SinkBasin,-4.694921875
428,Shelf,Sofa,-5.478125
429,Shelf,StoveBurner,-7.823046875
430,Shelf,TVStand,-5.79921875
431,Shelf,Toilet,-8.263671875
432,SideTable,ArmChair,-6.030859375
433,SideTable,BathtubBasin,-7.044921875
434,SideTable,Bed,-4.528515625
435,SideTable,Cabinet,-4.83671875
436,SideTable,Cart,-5.047265625
437,SideTable,CoffeeMachine,-7.861328125
438,SideTable,CoffeeTable,-6.187890625
439,SideTable,CounterTop,-5.1046875
440,SideTable,Desk,-4.100390625
441,SideTable,DiningTable,-5.33671875
442,SideTable,Drawer,-5.4109375
443,SideTable,Dresser,-4.65546875
444,SideTable,Fridge,-6.273046875
445,SideTable,GarbageCan,-7.070703125
446,SideTable,Microwave,-7.4640625
447,SideTable,Ottoman,-5.2962890625
448,SideTable,Safe,-6.334375
449,SideTable,Shelf,-4.38125
450,SideTable,SideTable,-4.03046875
451,SideTable,SinkBasin,-5.2986328125
452,SideTable,Sofa,-4.025
453,SideTable,StoveBurner,-7.5609375
454,SideTable,TVStand,-5.093359375
455,SideTable,Toilet,-6.886328125
456,SinkBasin,ArmChair,-6.47578125
457,SinkBasin,BathtubBasin,-7.030078125
458,SinkBasin,Bed,-5.7916015625
459,SinkBasin,Cabinet,-4.87578125
460,SinkBasin,Cart,-5.342578125
461,SinkBasin,CoffeeMachine,-7.679296875
462,SinkBasin,CoffeeTable,-6.362109375
463,SinkBasin,CounterTop,-3.6236328125
464,SinkBasin,Desk,-4.387890625
465,SinkBasin,DiningTable,-5.2125
466,SinkBasin,Drawer,-5.112890625
467,SinkBasin,Dresser,-4.0314453125
468,SinkBasin,Fridge,-6.128515625
469,SinkBasin,GarbageCan,-7.026953125
470,SinkBasin,Microwave,-7.515625
471,SinkBasin,Ottoman,-5.230078125
472,SinkBasin,Safe,-6.494140625
473,SinkBasin,Shelf,-4.8462890625
474,SinkBasin,SideTable,-4.3232421875
475,SinkBasin,SinkBasin,-5.018359375
476,SinkBasin,Sofa,-5.145703125
477,SinkBasin,StoveBurner,-6.777734375
478,SinkBasin,TVStand,-5.6798828125
479,SinkBasin,Toilet,-7.403125
480,Sofa,ArmChair,-6.376171875
481,Sofa,BathtubBasin,-6.954296875
482,Sofa,Bed,-4.84140625
483,Sofa,Cabinet,-6.25078125
484,Sofa,Cart,-5.636328125
485,Sofa,CoffeeMachine,-7.453125
486,Sofa,CoffeeTable,-6.342578125
487,Sofa,CounterTop,-5.1841796875
488,Sofa,Desk,-4.4478515625
489,Sofa,DiningTable,-5.56328125
490,Sofa,Drawer,-6.08515625
491,Sofa,Dresser,-4.9537109375
492,Sofa,Fridge,-6.905859375
493,Sofa,GarbageCan,-7.516015625
494,Sofa,Microwave,-7.877734375
495,Sofa,Ottoman,-5.4572265625
496,Sofa,Safe,-6.371875
497,Sofa,Shelf,-5.4046875
498,Sofa,SideTable,-4.4853515625
499,Sofa,SinkBasin,-5.906640625
500,Sofa,Sofa,-2.6298828125
501,Sofa,StoveBurner,-8.4390625
502,Sofa,TVStand,-5.476171875
503,Sofa,Toilet,-7.7408203125
504,StoveBurner,ArmChair,-5.967578125
505,StoveBurner,BathtubBasin,-8.131640625
506,StoveBurner,Bed,-4.9083984375
507,StoveBurner,Cabinet,-6.146484375
508,StoveBurner,Cart,-6.734765625
509,StoveBurner,CoffeeMachine,-7.18046875
510,StoveBurner,CoffeeTable,-5.351171875
511,StoveBurner,CounterTop,-3.6587890625
512,StoveBurner,Desk,-3.369140625
513,StoveBurner,DiningTable,-5.103515625
514,StoveBurner,Drawer,-6.734765625
515,StoveBurner,Dresser,-6.16328125
516,StoveBurner,Fridge,-6.673828125
517,StoveBurner,GarbageCan,-7.801953125
518,StoveBurner,Microwave,-6.337890625
519,StoveBurner,Ottoman,-6.065234375
520,StoveBurner,Safe,-6.323828125
521,StoveBurner,Shelf,-4.3087890625
522,StoveBurner,SideTable,-4.00546875
523,StoveBurner,SinkBasin,-4.96953125
524,StoveBurner,Sofa,-5.44453125
525,StoveBurner,StoveBurner,-3.9732421875
526,StoveBurner,TVStand,-4.7669921875
527,StoveBurner,Toilet,-8.5484375
528,TVStand,ArmChair,-5.611328125
529,TVStand,BathtubBasin,-7.78515625
530,TVStand,Bed,-4.4751953125
531,TVStand,Cabinet,-5.0064453125
532,TVStand,Cart,-5.505078125
533,TVStand,CoffeeMachine,-8.738671875
534,TVStand,CoffeeTable,-5.634375
535,TVStand,CounterTop,-3.6671875
536,TVStand,Desk,-4.2462890625
537,TVStand,DiningTable,-5.553125
538,TVStand,Drawer,-5.380078125
539,TVStand,Dresser,-5.3814453125
540,TVStand,Fridge,-5.76015625
541,TVStand,GarbageCan,-7.363671875
542,TVStand,Microwave,-7.155859375
543,TVStand,Ottoman,-5.36640625
544,TVStand,Safe,-6.28046875
545,TVStand,Shelf,-4.380078125
546,TVStand,SideTable,-4.283984375
547,TVStand,SinkBasin,-4.8138671875
548,TVStand,Sofa,-4.1908203125
549,TVStand,StoveBurner,-7.366015625
550,TVStand,TVStand,-4.576953125
551,TVStand,Toilet,-6.25078125
552,Toilet,ArmChair,-9.46953125
553,Toilet,BathtubBasin,-9.5703125
554,Toilet,Bed,-8.679296875
555,Toilet,Cabinet,-7.228515625
556,Toilet,Cart,-8.820703125
557,Toilet,CoffeeMachine,-9.984375
558,Toilet,CoffeeTable,-9.40390625
559,Toilet,CounterTop,-7.78828125
560,Toilet,Desk,-7.156640625
561,Toilet,DiningTable,-8.95859375
562,Toilet,Drawer,-8.277734375
563,Toilet,Dresser,-8.571484375
564,Toilet,Fridge,-9.358203125
565,Toilet,GarbageCan,-10.03984375
566,Toilet,Microwave,-10.58828125
567,Toilet,Ottoman,-8.170703125
568,Toilet,Safe,-9.075390625
569,Toilet,Shelf,-7.829296875
570,Toilet,SideTable,-7.10390625
571,Toilet,SinkBasin,-8.2484375
572,Toilet,Sofa,-8.908984375
573,Toilet,StoveBurner,-10.6171875
574,Toilet,TVStand,-8.541796875
575,Toilet,Toilet,-11.28828125
576,AlarmClock,ArmChair,-5.153515625
577,AlarmClock,BathtubBasin,-6.790234375
578,AlarmClock,Bed,-3.2591796875
579,AlarmClock,Cabinet,-5.078125
580,AlarmClock,Cart,-6.101953125
581,AlarmClock,CoffeeMachine,-5.404296875
582,AlarmClock,CoffeeTable,-4.2587890625
583,AlarmClock,CounterTop,-3.975
584,AlarmClock,Desk,-2.55625
585,AlarmClock,DiningTable,-3.869921875
586,AlarmClock,Drawer,-4.4810546875
587,AlarmClock,Dresser,-4.7509765625
588,AlarmClock,Fridge,-4.0560546875
589,AlarmClock,GarbageCan,-7.199609375
590,AlarmClock,Microwave,-4.847265625
591,AlarmClock,Ottoman,-3.7740234375
592,AlarmClock,Safe,-3.8892578125
593,AlarmClock,Shelf,-2.8609375
594,AlarmClock,SideTable,-2.34287109375
595,AlarmClock,SinkBasin,-3.6845703125
596,AlarmClock,Sofa,-3.4123046875
597,AlarmClock,StoveBurner,-5.0736328125
598,AlarmClock,TVStand,-3.13984375
599,AlarmClock,Toilet,-6.940625
600,Apple,ArmChair,-5.677734375
601,Apple,BathtubBasin,-6.840234375
602,Apple,Bed,-4.35
603,Apple,Cabinet,-5.666796875
604,Apple,Cart,-4.6392578125
605,Apple,CoffeeMachine,-6.433203125
606,Apple,CoffeeTable,-5.899609375
607,Apple,CounterTop,-2.84970703125
608,Apple,Desk,-3.3888671875
609,Apple,DiningTable,-4.608984375
610,Apple,Drawer,-4.91328125
611,Apple,Dresser,-5.791796875
612,Apple,Fridge,-3.1373046875
613,Apple,GarbageCan,-5.754296875
614,Apple,Microwave,-4.22890625
615,Apple,Ottoman,-3.4109375
616,Apple,Safe,-4.7359375
617,Apple,Shelf,-4.175
618,Apple,SideTable,-3.44609375
619,Apple,SinkBasin,-3.7658203125
620,Apple,Sofa,-4.645703125
621,Apple,StoveBurner,-5.492578125
622,Apple,TVStand,-4.2306640625
623,Apple,Toilet,-7.85859375
624,AppleSliced,ArmChair,-6.0546875
625,AppleSliced,BathtubBasin,-6.975
626,AppleSliced,Bed,-4.4228515625
627,AppleSliced,Cabinet,-5.3171875
628,AppleSliced,Cart,-4.3748046875
629,AppleSliced,CoffeeMachine,-6.49453125
630,AppleSliced,CoffeeTable,-5.726171875
631,AppleSliced,CounterTop,-2.3171875
632,AppleSliced,Desk,-3.1615234375
633,AppleSliced,DiningTable,-4.15078125
634,AppleSliced,Drawer,-4.484375
635,AppleSliced,Dresser,-5.1767578125
636,AppleSliced,Fridge,-2.4216796875
637,AppleSliced,GarbageCan,-5.2650390625
638,AppleSliced,Microwave,-3.8849609375
639,AppleSliced,Ottoman,-3.1033203125
640,AppleSliced,Safe,-5.083203125
641,AppleSliced,Shelf,-3.85234375
642,AppleSliced,SideTable,-2.8703125
643,AppleSliced,SinkBasin,-3.624609375
644,AppleSliced,Sofa,-4.5181640625
645,AppleSliced,StoveBurner,-5.2078125
646,AppleSliced,TVStand,-4.1576171875
647,AppleSliced,Toilet,-8.376171875
648,BaseballBat,ArmChair,-4.7859375
649,BaseballBat,BathtubBasin,-5.55
650,BaseballBat,Bed,-3.6353515625
651,BaseballBat,Cabinet,-3.6087890625
652,BaseballBat,Cart,-4.8890625
653,BaseballBat,CoffeeMachine,-5.695703125
654,BaseballBat,CoffeeTable,-5.38046875
655,BaseballBat,CounterTop,-3.413671875
656,BaseballBat,Desk,-2.953515625
657,BaseballBat,DiningTable,-4.1841796875
658,BaseballBat,Drawer,-3.901171875
659,BaseballBat,Dresser,-4.09921875
660,BaseballBat,Fridge,-3.5615234375
661,BaseballBat,GarbageCan,-5.373046875
662,BaseballBat,Microwave,-4.9259765625
663,BaseballBat,Ottoman,-3.248828125
664,BaseballBat,Safe,-3.1517578125
665,BaseballBat,Shelf,-3.830859375
666,BaseballBat,SideTable,-3.4044921875
667,BaseballBat,SinkBasin,-3.06796875
668,BaseballBat,Sofa,-3.5951171875
669,BaseballBat,StoveBurner,-5.0423828125
670,BaseballBat,TVStand,-3.809765625
671,BaseballBat,Toilet,-7.58828125
672,BasketBall,ArmChair,-4.890625
673,BasketBall,BathtubBasin,-5.839453125
674,BasketBall,Bed,-3.976953125
675,BasketBall,Cabinet,-3.9318359375
676,BasketBall,Cart,-4.753515625
677,BasketBall,CoffeeMachine,-5.774609375
678,BasketBall,CoffeeTable,-5.254296875
679,BasketBall,CounterTop,-3.9466796875
680,BasketBall,Desk,-3.6751953125
681,BasketBall,DiningTable,-4.881640625
682,BasketBall,Drawer,-3.86484375
683,BasketBall,Dresser,-4.5181640625
684,BasketBall,Fridge,-3.5115234375
685,BasketBall,GarbageCan,-5.295703125
686,BasketBall,Microwave,-4.2587890625
687,BasketBall,Ottoman,-2.9580078125
688,BasketBall,Safe,-4.0302734375
689,BasketBall,Shelf,-3.6609375
690,BasketBall,SideTable,-3.033203125
691,BasketBall,SinkBasin,-3.671484375
692,BasketBall,Sofa,-3.02294921875
693,BasketBall,StoveBurner,-5.83984375
694,BasketBall,TVStand,-3.6748046875
695,BasketBall,Toilet,-6.95078125
696,Book,ArmChair,-4.978515625
697,Book,BathtubBasin,-6.973828125
698,Book,Bed,-3.4900390625
699,Book,Cabinet,-3.89375
700,Book,Cart,-5.08359375
701,Book,CoffeeMachine,-5.9453125
702,Book,CoffeeTable,-5.10078125
703,Book,CounterTop,-4.305078125
704,Book,Desk,-2.84765625
705,Book,DiningTable,-4.05703125
706,Book,Drawer,-3.0244140625
707,Book,Dresser,-4.1822265625
708,Book,Fridge,-4.2208984375
709,Book,GarbageCan,-7.464453125
710,Book,Microwave,-7.08671875
711,Book,Ottoman,-2.73046875
712,Book,Safe,-4.173828125
713,Book,Shelf,-2.3177734375
714,Book,SideTable,-3.268359375
715,Book,SinkBasin,-4.1458984375
716,Book,Sofa,-3.3333984375
717,Book,StoveBurner,-7.263671875
718,Book,TVStand,-4.551171875
719,Book,Toilet,-8.1578125
720,Bowl,ArmChair,-6.7484375
721,Bowl,BathtubBasin,-7.0078125
722,Bowl,Bed,-5.48203125
723,Bowl,Cabinet,-5.076171875
724,Bowl,Cart,-5.7828125
725,Bowl,CoffeeMachine,-5.996875
726,Bowl,CoffeeTable,-6.409765625
727,Bowl,CounterTop,-3.819921875
728,Bowl,Desk,-4.4998046875
729,Bowl,DiningTable,-4.8400390625
730,Bowl,Drawer,-5.425390625
731,Bowl,Dresser,-5.6390625
732,Bowl,Fridge,-3.9244140625
733,Bowl,GarbageCan,-6.331640625
734,Bowl,Microwave,-4.86796875
735,Bowl,Ottoman,-4.75
736,Bowl,Safe,-6.338671875
737,Bowl,Shelf,-4.7216796875
738,Bowl,SideTable,-4.146875
739,Bowl,SinkBasin,-3.9193359375
740,Bowl,Sofa,-5.665625
741,Bowl,StoveBurner,-5.9921875
742,Bowl,TVStand,-6.309375
743,Bowl,Toilet,-7.173828125
744,Box,ArmChair,-8.58203125
745,Box,BathtubBasin,-10.4125
746,Box,Bed,-7.04765625
747,Box,Cabinet,-7.4296875
748,Box,Cart,-7.61875
749,Box,CoffeeMachine,-8.821875
750,Box,CoffeeTable,-8.321875
751,Box,CounterTop,-6.703125
752,Box,Desk,-6.2125
753,Box,DiningTable,-7.149609375
754,Box,Drawer,-6.86015625
755,Box,Dresser,-7.8
756,Box,Fridge,-7.171875
757,Box,GarbageCan,-9.601171875
758,Box,Microwave,-8.535546875
759,Box,Ottoman,-7.170703125
760,Box,Safe,-7.454296875
761,Box,Shelf,-6.110546875
762,Box,SideTable,-6.327734375
763,Box,SinkBasin,-6.922265625
764,Box,Sofa,-6.970703125
765,Box,StoveBurner,-9.008203125
766,Box,TVStand,-7.425390625
767,Box,Toilet,-9.55
768,Bread,ArmChair,-8.66953125
769,Bread,BathtubBasin,-9.69375
770,Bread,Bed,-7.059375
771,Bread,Cabinet,-7.148828125
772,Bread,Cart,-6.59140625
773,Bread,CoffeeMachine,-8.79140625
774,Bread,CoffeeTable,-9.33828125
775,Bread,CounterTop,-5.8796875
776,Bread,Desk,-6.582421875
777,Bread,DiningTable,-7.15234375
778,Bread,Drawer,-5.887890625
779,Bread,Dresser,-7.274609375
780,Bread,Fridge,-5.4380859375
781,Bread,GarbageCan,-7.63203125
782,Bread,Microwave,-6.872265625
783,Bread,Ottoman,-6.166796875
784,Bread,Safe,-7.48046875
785,Bread,Shelf,-6.409765625
786,Bread,SideTable,-6.31484375
787,Bread,SinkBasin,-5.98671875
788,Bread,Sofa,-7.97734375
789,Bread,StoveBurner,-7.923828125
790,Bread,TVStand,-8.698046875
791,Bread,Toilet,-10.308203125
792,BreadSliced,ArmChair,-6.006640625
793,BreadSliced,BathtubBasin,-7.562890625
794,BreadSliced,Bed,-4.3142578125
795,BreadSliced,Cabinet,-4.904296875
796,BreadSliced,Cart,-4.196484375
797,BreadSliced,CoffeeMachine,-6.731640625
798,BreadSliced,CoffeeTable,-6.196484375
799,BreadSliced,CounterTop,-2.67353515625
800,BreadSliced,Desk,-3.069140625
801,BreadSliced,DiningTable,-3.7748046875
802,BreadSliced,Drawer,-3.21015625
803,BreadSliced,Dresser,-4.68203125
804,BreadSliced,Fridge,-2.9572265625
805,BreadSliced,GarbageCan,-5.1416015625
806,BreadSliced,Microwave,-4.391796875
807,BreadSliced,Ottoman,-3.4447265625
808,BreadSliced,Safe,-5.0591796875
809,BreadSliced,Shelf,-3.4568359375
810,BreadSliced,SideTable,-2.842578125
811,BreadSliced,SinkBasin,-3.5931640625
812,BreadSliced,Sofa,-4.7015625
813,BreadSliced,StoveBurner,-5.387890625
814,BreadSliced,TVStand,-5.365625
815,BreadSliced,Toilet,-9.1046875
816,ButterKnife,ArmChair,-5.2234375
817,ButterKnife,BathtubBasin,-6.609765625
818,ButterKnife,Bed,-5.060546875
819,ButterKnife,Cabinet,-4.1876953125
820,ButterKnife,Cart,-5.0955078125
821,ButterKnife,CoffeeMachine,-5.2484375
822,ButterKnife,CoffeeTable,-5.3546875
823,ButterKnife,CounterTop,-2.686328125
824,ButterKnife,Desk,-2.79658203125
825,ButterKnife,DiningTable,-3.93515625
826,ButterKnife,Drawer,-3.0392578125
827,ButterKnife,Dresser,-3.8263671875
828,ButterKnife,Fridge,-3.2064453125
829,ButterKnife,GarbageCan,-5.8078125
830,ButterKnife,Microwave,-4.679296875
831,ButterKnife,Ottoman,-3.4529296875
832,ButterKnife,Safe,-4.084765625
833,ButterKnife,Shelf,-3.7759765625
834,ButterKnife,SideTable,-3.121875
835,ButterKnife,SinkBasin,-2.85322265625
836,ButterKnife,Sofa,-4.976171875
837,ButterKnife,StoveBurner,-4.3638671875
838,ButterKnife,TVStand,-5.594140625
839,ButterKnife,Toilet,-7.883984375
840,CD,ArmChair,-6.623828125
841,CD,BathtubBasin,-7.11640625
842,CD,Bed,-4.8998046875
843,CD,Cabinet,-3.6615234375
844,CD,Cart,-4.2591796875
845,CD,CoffeeMachine,-5.332421875
846,CD,CoffeeTable,-5.896875
847,CD,CounterTop,-4.950390625
848,CD,Desk,-3.07421875
849,CD,DiningTable,-4.52890625
850,CD,Drawer,-3.6435546875
851,CD,Dresser,-3.8759765625
852,CD,Fridge,-3.2521484375
853,CD,GarbageCan,-6.65546875
854,CD,Microwave,-5.330859375
855,CD,Ottoman,-2.53125
856,CD,Safe,-3.853125
857,CD,Shelf,-2.8728515625
858,CD,SideTable,-3.51640625
859,CD,SinkBasin,-3.7388671875
860,CD,Sofa,-4.984375
861,CD,StoveBurner,-8.022265625
862,CD,TVStand,-4.486328125
863,CD,Toilet,-7.1630859375
864,Candle,ArmChair,-5.39453125
865,Candle,BathtubBasin,-6.16953125
866,Candle,Bed,-3.8666015625
867,Candle,Cabinet,-4.293359375
868,Candle,Cart,-5.98203125
869,Candle,CoffeeMachine,-5.569921875
870,Candle,CoffeeTable,-4.915234375
871,Candle,CounterTop,-3.821875
872,Candle,Desk,-2.709765625
873,Candle,DiningTable,-3.756640625
874,Candle,Drawer,-4.01953125
875,Candle,Dresser,-4.1873046875
876,Candle,Fridge,-3.97890625
877,Candle,GarbageCan,-6.10625
878,Candle,Microwave,-4.7046875
879,Candle,Ottoman,-3.300390625
880,Candle,Safe,-3.6421875
881,Candle,Shelf,-3.5828125
882,Candle,SideTable,-2.7447265625
883,Candle,SinkBasin,-3.329296875
884,Candle,Sofa,-3.5876953125
885,Candle,StoveBurner,-4.6880859375
886,Candle,TVStand,-5.058203125
887,Candle,Toilet,-6.7328125
888,CellPhone,ArmChair,-5.353125
889,CellPhone,BathtubBasin,-6.049609375
890,CellPhone,Bed,-3.60859375
891,CellPhone,Cabinet,-4.3056640625
892,CellPhone,Cart,-4.4404296875
893,CellPhone,CoffeeMachine,-5.5375
894,CellPhone,CoffeeTable,-5.115234375
895,CellPhone,CounterTop,-3.6626953125
896,CellPhone,Desk,-3.3533203125
897,CellPhone,DiningTable,-4.68046875
898,CellPhone,Drawer,-3.651171875
899,CellPhone,Dresser,-4.4189453125
900,CellPhone,Fridge,-3.8294921875
901,CellPhone,GarbageCan,-6.225390625
902,CellPhone,Microwave,-4.38046875
903,CellPhone,Ottoman,-3.19921875
904,CellPhone,Safe,-3.6033203125
905,CellPhone,Shelf,-3.58359375
906,CellPhone,SideTable,-3.03984375
907,CellPhone,SinkBasin,-3.50390625
908,CellPhone,Sofa,-3.6375
909,CellPhone,StoveBurner,-6.058984375
910,CellPhone,TVStand,-3.3318359375
911,CellPhone,Toilet,-7.3685546875
912,Cloth,ArmChair,-5.553125
913,Cloth,BathtubBasin,-6.374609375
914,Cloth,Bed,-4.673828125
915,Cloth,Cabinet,-5.215625
916,Cloth,Cart,-5.343359375
917,Cloth,CoffeeMachine,-6.778515625
918,Cloth,CoffeeTable,-6.39375
919,Cloth,CounterTop,-4.1216796875
920,Cloth,Desk,-3.72265625
921,Cloth,DiningTable,-4.6814453125
922,Cloth,Drawer,-4.0193359375
923,Cloth,Dresser,-4.2673828125
924,Cloth,Fridge,-5.26015625
925,Cloth,GarbageCan,-5.7515625
926,Cloth,Microwave,-5.940234375
927,Cloth,Ottoman,-4.4111328125
928,Cloth,Safe,-5.09140625
929,Cloth,Shelf,-5.041015625
930,Cloth,SideTable,-3.9076171875
931,Cloth,SinkBasin,-4.61171875
932,Cloth,Sofa,-3.4345703125
933,Cloth,StoveBurner,-6.173828125
934,Cloth,TVStand,-5.615234375
935,Cloth,Toilet,-6.4041015625
936,CreditCard,ArmChair,-6.815234375
937,CreditCard,BathtubBasin,-6.68984375
938,CreditCard,Bed,-5.3521484375
939,CreditCard,Cabinet,-4.1033203125
940,CreditCard,Cart,-3.769921875
941,CreditCard,CoffeeMachine,-5.148828125
942,CreditCard,CoffeeTable,-6.203125
943,CreditCard,CounterTop,-3.7615234375
944,CreditCard,Desk,-3.9767578125
945,CreditCard,DiningTable,-4.9615234375
946,CreditCard,Drawer,-2.48671875
947,CreditCard,Dresser,-3.6921875
948,CreditCard,Fridge,-3.0279296875
949,CreditCard,GarbageCan,-5.35859375
950,CreditCard,Microwave,-5.0953125
951,CreditCard,Ottoman,-2.9298828125
952,CreditCard,Safe,-2.16513671875
953,CreditCard,Shelf,-4.6703125
954,CreditCard,SideTable,-3.9623046875
955,CreditCard,SinkBasin,-3.3904296875
956,CreditCard,Sofa,-4.7580078125
957,CreditCard,StoveBurner,-7.480078125
958,CreditCard,TVStand,-4.878515625
959,CreditCard,Toilet,-8.416015625
960,Cup,ArmChair,-7.06953125
961,Cup,BathtubBasin,-7.503125
962,Cup,Bed,-6.028125
963,Cup,Cabinet,-5.365234375
964,Cup,Cart,-6.297265625
965,Cup,CoffeeMachine,-5.0048828125
966,Cup,CoffeeTable,-5.628515625
967,Cup,CounterTop,-4.7408203125
968,Cup,Desk,-4.8568359375
969,Cup,DiningTable,-5.79921875
970,Cup,Drawer,-5.828125
971,Cup,Dresser,-6.31328125
972,Cup,Fridge,-4.6484375
973,Cup,GarbageCan,-7.313671875
974,Cup,Microwave,-6.047265625
975,Cup,Ottoman,-5.25
976,Cup,Safe,-6.566796875
977,Cup,Shelf,-5.262109375
978,Cup,SideTable,-4.7259765625
979,Cup,SinkBasin,-4.7513671875
980,Cup,Sofa,-5.833203125
981,Cup,StoveBurner,-6.873046875
982,Cup,TVStand,-6.853125
983,Cup,Toilet,-7.917578125
984,DeskLamp,ArmChair,-5.19296875
985,DeskLamp,BathtubBasin,-8.073046875
986,DeskLamp,Bed,-4.8271484375
987,DeskLamp,Cabinet,-4.978515625
988,DeskLamp,Cart,-6.016015625
989,DeskLamp,CoffeeMachine,-6.76015625
990,DeskLamp,CoffeeTable,-5.498046875
991,DeskLamp,CounterTop,-4.2365234375
992,DeskLamp,Desk,-1.95234375
993,DeskLamp,DiningTable,-4.2076171875
994,DeskLamp,Drawer,-4.4111328125
995,DeskLamp,Dresser,-4.1947265625
996,DeskLamp,Fridge,-4.893359375
997,DeskLamp,GarbageCan,-9.0703125
998,DeskLamp,Microwave,-6.31484375
999,DeskLamp,Ottoman,-4.0296875
1000,DeskLamp,Safe,-5.347265625
1001,DeskLamp,Shelf,-3.1994140625
1002,DeskLamp,SideTable,-3.0837890625
1003,DeskLamp,SinkBasin,-4.421875
1004,DeskLamp,Sofa,-3.75078125
1005,DeskLamp,StoveBurner,-6.321875
1006,DeskLamp,TVStand,-4.4333984375
1007,DeskLamp,Toilet,-8.629296875
1008,DishSponge,ArmChair,-6.630078125
1009,DishSponge,BathtubBasin,-5.263671875
1010,DishSponge,Bed,-4.87109375
1011,DishSponge,Cabinet,-4.2634765625
1012,DishSponge,Cart,-4.6669921875
1013,DishSponge,CoffeeMachine,-5.4578125
1014,DishSponge,CoffeeTable,-5.220703125
1015,DishSponge,CounterTop,-2.63388671875
1016,DishSponge,Desk,-3.2310546875
1017,DishSponge,DiningTable,-3.591796875
1018,DishSponge,Drawer,-3.509765625
1019,DishSponge,Dresser,-4.019921875
1020,DishSponge,Fridge,-3.4611328125
1021,DishSponge,GarbageCan,-5.026953125
1022,DishSponge,Microwave,-4.336328125
1023,DishSponge,Ottoman,-4.042578125
1024,DishSponge,Safe,-5.0849609375
1025,DishSponge,Shelf,-3.473046875
1026,DishSponge,SideTable,-3.1986328125
1027,DishSponge,SinkBasin,-2.65849609375
1028,DishSponge,Sofa,-3.7275390625
1029,DishSponge,StoveBurner,-4.8890625
1030,DishSponge,TVStand,-5.29453125
1031,DishSponge,Toilet,-6.9701171875
1032,Egg,ArmChair,-5.190234375
1033,Egg,BathtubBasin,-7.43671875
1034,Egg,Bed,-3.942578125
1035,Egg,Cabinet,-6.3140625
1036,Egg,Cart,-4.5453125
1037,Egg,CoffeeMachine,-5.515625
1038,Egg,CoffeeTable,-5.226171875
1039,Egg,CounterTop,-2.7751953125
1040,Egg,Desk,-3.40390625
1041,Egg,DiningTable,-4.823828125
1042,Egg,Drawer,-5.546875
1043,Egg,Dresser,-6.2435546875
1044,Egg,Fridge,-3.1880859375
1045,Egg,GarbageCan,-5.973828125
1046,Egg,Microwave,-5.06796875
1047,Egg,Ottoman,-3.5763671875
1048,Egg,Safe,-5.949609375
1049,Egg,Shelf,-4.2123046875
1050,Egg,SideTable,-3.3400390625
1051,Egg,SinkBasin,-4.812890625
1052,Egg,Sofa,-4.4720703125
1053,Egg,StoveBurner,-4.7228515625
1054,Egg,TVStand,-5.87734375
1055,Egg,Toilet,-8.29296875
1056,Faucet,ArmChair,-7.395703125
1057,Faucet,BathtubBasin,-4.2380859375
1058,Faucet,Bed,-6.11875
1059,Faucet,Cabinet,-3.8708984375
1060,Faucet,Cart,-6.157421875
1061,Faucet,CoffeeMachine,-3.5734375
1062,Faucet,CoffeeTable,-4.33046875
1063,Faucet,CounterTop,-2.76396484375
1064,Faucet,Desk,-4.0990234375
1065,Faucet,DiningTable,-5.359765625
1066,Faucet,Drawer,-5.4140625
1067,Faucet,Dresser,-5.3484375
1068,Faucet,Fridge,-3.3220703125
1069,Faucet,GarbageCan,-6.10625
1070,Faucet,Microwave,-5.294140625
1071,Faucet,Ottoman,-4.966796875
1072,Faucet,Safe,-5.3654296875
1073,Faucet,Shelf,-4.41171875
1074,Faucet,SideTable,-3.207421875
1075,Faucet,SinkBasin,-2.19970703125
1076,Faucet,Sofa,-5.88515625
1077,Faucet,StoveBurner,-3.9689453125
1078,Faucet,TVStand,-5.044140625
1079,Faucet,Toilet,-5.691796875
1080,FloorLamp,ArmChair,-5.1046875
1081,FloorLamp,BathtubBasin,-6.78828125
1082,FloorLamp,Bed,-4.44765625
1083,FloorLamp,Cabinet,-4.7978515625
1084,FloorLamp,Cart,-5.803125
1085,FloorLamp,CoffeeMachine,-6.223828125
1086,FloorLamp,CoffeeTable,-4.74375
1087,FloorLamp,CounterTop,-4.2892578125
1088,FloorLamp,Desk,-2.46552734375
1089,FloorLamp,DiningTable,-3.431640625
1090,FloorLamp,Drawer,-5.095703125
1091,FloorLamp,Dresser,-4.2486328125
1092,FloorLamp,Fridge,-4.85703125
1093,FloorLamp,GarbageCan,-8.01484375
1094,FloorLamp,Microwave,-6.14453125
1095,FloorLamp,Ottoman,-3.820703125
1096,FloorLamp,Safe,-5.4375
1097,FloorLamp,Shelf,-2.94453125
1098,FloorLamp,SideTable,-2.841015625
1099,FloorLamp,SinkBasin,-3.8169921875
1100,FloorLamp,Sofa,-2.86328125
1101,FloorLamp,StoveBurner,-5.4625
1102,FloorLamp,TVStand,-4.0470703125
1103,FloorLamp,Toilet,-7.221484375
1104,Fork,ArmChair,-5.68984375
1105,Fork,BathtubBasin,-6.26015625
1106,Fork,Bed,-5.4828125
1107,Fork,Cabinet,-4.0765625
1108,Fork,Cart,-4.145703125
1109,Fork,CoffeeMachine,-4.6845703125
1110,Fork,CoffeeTable,-5.577734375
1111,Fork,CounterTop,-3.2056640625
1112,Fork,Desk,-3.21337890625
1113,Fork,DiningTable,-3.9091796875
1114,Fork,Drawer,-2.87060546875
1115,Fork,Dresser,-4.502734375
1116,Fork,Fridge,-2.66953125
1117,Fork,GarbageCan,-5.206640625
1118,Fork,Microwave,-4.722265625
1119,Fork,Ottoman,-3.216015625
1120,Fork,Safe,-5.012109375
1121,Fork,Shelf,-4.09765625
1122,Fork,SideTable,-3.475390625
1123,Fork,SinkBasin,-2.82353515625
1124,Fork,Sofa,-4.8365234375
1125,Fork,StoveBurner,-5.25078125
1126,Fork,TVStand,-5.580078125
1127,Fork,Toilet,-7.4421875
1128,Glassbottle,ArmChair,-6.6375
1129,Glassbottle,BathtubBasin,-5.4453125
1130,Glassbottle,Bed,-4.955859375
1131,Glassbottle,Cabinet,-3.8734375
1132,Glassbottle,Cart,-4.98515625
1133,Glassbottle,CoffeeMachine,-5.160546875
1134,Glassbottle,CoffeeTable,-4.8984375
1135,Glassbottle,CounterTop,-3.08720703125
1136,Glassbottle,Desk,-3.6326171875
1137,Glassbottle,DiningTable,-4.833203125
1138,Glassbottle,Drawer,-4.3849609375
1139,Glassbottle,Dresser,-4.8025390625
1140,Glassbottle,Fridge,-3.1404296875
1141,Glassbottle,GarbageCan,-5.501171875
1142,Glassbottle,Microwave,-5.17578125
1143,Glassbottle,Ottoman,-4.5171875
1144,Glassbottle,Safe,-4.1548828125
1145,Glassbottle,Shelf,-3.185546875
1146,Glassbottle,SideTable,-3.386328125
1147,Glassbottle,SinkBasin,-3.4970703125
1148,Glassbottle,Sofa,-5.115234375
1149,Glassbottle,StoveBurner,-5.0990234375
1150,Glassbottle,TVStand,-5.180859375
1151,Glassbottle,Toilet,-6.094140625
1152,HandTowel,ArmChair,-5.0625
1153,HandTowel,BathtubBasin,-4.4173828125
1154,HandTowel,Bed,-3.7546875
1155,HandTowel,Cabinet,-4.15234375
1156,HandTowel,Cart,-4.95234375
1157,HandTowel,CoffeeMachine,-5.92421875
1158,HandTowel,CoffeeTable,-5.238671875
1159,HandTowel,CounterTop,-3.126953125
1160,HandTowel,Desk,-3.057421875
1161,HandTowel,DiningTable,-3.9146484375
1162,HandTowel,Drawer,-3.4009765625
1163,HandTowel,Dresser,-4.08046875
1164,HandTowel,Fridge,-3.9904296875
1165,HandTowel,GarbageCan,-5.41328125
1166,HandTowel,Microwave,-5.066015625
1167,HandTowel,Ottoman,-3.703125
1168,HandTowel,Safe,-4.5484375
1169,HandTowel,Shelf,-4.0021484375
1170,HandTowel,SideTable,-2.9501953125
1171,HandTowel,SinkBasin,-3.141015625
1172,HandTowel,Sofa,-3.4431640625
1173,HandTowel,StoveBurner,-6.177734375
1174,HandTowel,TVStand,-5.223046875
1175,HandTowel,Toilet,-6.744921875
1176,HousePlant,ArmChair,-5.696875
1177,HousePlant,BathtubBasin,-5.39453125
1178,HousePlant,Bed,-4.5283203125
1179,HousePlant,Cabinet,-3.88359375
1180,HousePlant,Cart,-5.337890625
1181,HousePlant,CoffeeMachine,-5.377734375
1182,HousePlant,CoffeeTable,-4.940234375
1183,HousePlant,CounterTop,-2.88154296875
1184,HousePlant,Desk,-3.2736328125
1185,HousePlant,DiningTable,-3.7171875
1186,HousePlant,Drawer,-4.14140625
1187,HousePlant,Dresser,-4.7115234375
1188,HousePlant,Fridge,-3.2072265625
1189,HousePlant,GarbageCan,-5.286328125
1190,HousePlant,Microwave,-4.954296875
1191,HousePlant,Ottoman,-3.1833984375
1192,HousePlant,Safe,-5.3138671875
1193,HousePlant,Shelf,-3.36484375
1194,HousePlant,SideTable,-3.3634765625
1195,HousePlant,SinkBasin,-2.8158203125
1196,HousePlant,Sofa,-3.7015625
1197,HousePlant,StoveBurner,-5.592578125
1198,HousePlant,TVStand,-4.6884765625
1199,HousePlant,Toilet,-6.7712890625
1200,Kettle,ArmChair,-6.68515625
1201,Kettle,BathtubBasin,-6.876171875
1202,Kettle,Bed,-4.7458984375
1203,Kettle,Cabinet,-5.060546875
1204,Kettle,Cart,-5.773828125
1205,Kettle,CoffeeMachine,-5.050390625
1206,Kettle,CoffeeTable,-4.1525390625
1207,Kettle,CounterTop,-2.9662109375
1208,Kettle,Desk,-3.5947265625
1209,Kettle,DiningTable,-4.934765625
1210,Kettle,Drawer,-6.454296875
1211,Kettle,Dresser,-6.5578125
1212,Kettle,Fridge,-3.7650390625
1213,Kettle,GarbageCan,-7.61875
1214,Kettle,Microwave,-4.0779296875
1215,Kettle,Ottoman,-4.93671875
1216,Kettle,Safe,-5.914453125
1217,Kettle,Shelf,-3.11796875
1218,Kettle,SideTable,-3.5875
1219,Kettle,SinkBasin,-3.4029296875
1220,Kettle,Sofa,-5.442578125
1221,Kettle,StoveBurner,-1.752734375
1222,Kettle,TVStand,-5.386328125
1223,Kettle,Toilet,-7.518359375
1224,KeyChain,ArmChair,-5.483984375
1225,KeyChain,BathtubBasin,-6.8265625
1226,KeyChain,Bed,-4.587890625
1227,KeyChain,Cabinet,-3.8068359375
1228,KeyChain,Cart,-4.88984375
1229,KeyChain,CoffeeMachine,-5.551953125
1230,KeyChain,CoffeeTable,-5.415625
1231,KeyChain,CounterTop,-4.0244140625
1232,KeyChain,Desk,-3.0552734375
1233,KeyChain,DiningTable,-4.6927734375
1234,KeyChain,Drawer,-3.0275390625
1235,KeyChain,Dresser,-4.1478515625
1236,KeyChain,Fridge,-3.54609375
1237,KeyChain,GarbageCan,-6.34453125
1238,KeyChain,Microwave,-5.595703125
1239,KeyChain,Ottoman,-3.594140625
1240,KeyChain,Safe,-2.9640625
1241,KeyChain,Shelf,-3.778125
1242,KeyChain,SideTable,-2.8498046875
1243,KeyChain,SinkBasin,-3.479296875
1244,KeyChain,Sofa,-4.1587890625
1245,KeyChain,StoveBurner,-6.059375
1246,KeyChain,TVStand,-4.30859375
1247,KeyChain,Toilet,-6.8998046875
1248,Knife,ArmChair,-5.1640625
1249,Knife,BathtubBasin,-6.313671875
1250,Knife,Bed,-5.1291015625
1251,Knife,Cabinet,-3.9830078125
1252,Knife,Cart,-5.17265625
1253,Knife,CoffeeMachine,-5.475
1254,Knife,CoffeeTable,-5.89140625
1255,Knife,CounterTop,-3.0595703125
1256,Knife,Desk,-3.1109375
1257,Knife,DiningTable,-3.985546875
1258,Knife,Drawer,-2.92890625
1259,Knife,Dresser,-4.310546875
1260,Knife,Fridge,-3.5904296875
1261,Knife,GarbageCan,-5.77578125
1262,Knife,Microwave,-4.97890625
1263,Knife,Ottoman,-3.60546875
1264,Knife,Safe,-4.0705078125
1265,Knife,Shelf,-3.91484375
1266,Knife,SideTable,-3.55078125
1267,Knife,SinkBasin,-2.5482421875
1268,Knife,Sofa,-5.327734375
1269,Knife,StoveBurner,-4.6447265625
1270,Knife,TVStand,-5.092578125
1271,Knife,Toilet,-7.8966796875
1272,Ladle,ArmChair,-7.002734375
1273,Ladle,BathtubBasin,-5.83515625
1274,Ladle,Bed,-6.163671875
1275,Ladle,Cabinet,-3.5009765625
1276,Ladle,Cart,-4.2759765625
1277,Ladle,CoffeeMachine,-2.88671875
1278,Ladle,CoffeeTable,-4.478125
1279,Ladle,CounterTop,-3.10244140625
1280,Ladle,Desk,-3.56484375
1281,Ladle,DiningTable,-4.4810546875
1282,Ladle,Drawer,-3.837109375
1283,Ladle,Dresser,-4.3126953125
1284,Ladle,Fridge,-2.9626953125
1285,Ladle,GarbageCan,-5.1341796875
1286,Ladle,Microwave,-4.2732421875
1287,Ladle,Ottoman,-3.9587890625
1288,Ladle,Safe,-4.9021484375
1289,Ladle,Shelf,-3.8259765625
1290,Ladle,SideTable,-3.579296875
1291,Ladle,SinkBasin,-2.51845703125
1292,Ladle,Sofa,-6.037890625
1293,Ladle,StoveBurner,-3.5525390625
1294,Ladle,TVStand,-6.641796875
1295,Ladle,Toilet,-7.65546875
1296,Laptop,ArmChair,-4.897265625
1297,Laptop,BathtubBasin,-7.383203125
1298,Laptop,Bed,-3.532421875
1299,Laptop,Cabinet,-4.5576171875
1300,Laptop,Cart,-5.16796875
1301,Laptop,CoffeeMachine,-6.419921875
1302,Laptop,CoffeeTable,-5.37265625
1303,Laptop,CounterTop,-4.005859375
1304,Laptop,Desk,-2.49912109375
1305,Laptop,DiningTable,-3.7869140625
1306,Laptop,Drawer,-4.384765625
1307,Laptop,Dresser,-4.95390625
1308,Laptop,Fridge,-4.4873046875
1309,Laptop,GarbageCan,-7.653125
1310,Laptop,Microwave,-6.101953125
1311,Laptop,Ottoman,-3.8505859375
1312,Laptop,Safe,-4.662890625
1313,Laptop,Shelf,-3.5345703125
1314,Laptop,SideTable,-3.0736328125
1315,Laptop,SinkBasin,-4.3154296875
1316,Laptop,Sofa,-3.2283203125
1317,Laptop,StoveBurner,-6.197265625
1318,Laptop,TVStand,-3.3810546875
1319,Laptop,Toilet,-8.43671875
1320,LaundryHamperLid,ArmChair,-5.489453125
1321,LaundryHamperLid,BathtubBasin,-5.64453125
1322,LaundryHamperLid,Bed,-3.7017578125
1323,LaundryHamperLid,Cabinet,-4.341796875
1324,LaundryHamperLid,Cart,-4.1505859375
1325,LaundryHamperLid,CoffeeMachine,-6.86953125
1326,LaundryHamperLid,CoffeeTable,-6.149609375
1327,LaundryHamperLid,CounterTop,-3.4021484375
1328,LaundryHamperLid,Desk,-3.4037109375
1329,LaundryHamperLid,DiningTable,-4.0037109375
1330,LaundryHamperLid,Drawer,-3.9390625
1331,LaundryHamperLid,Dresser,-3.5201171875
1332,LaundryHamperLid,Fridge,-4.04765625
1333,LaundryHamperLid,GarbageCan,-6.26875
1334,LaundryHamperLid,Microwave,-5.220703125
1335,LaundryHamperLid,Ottoman,-3.9501953125
1336,LaundryHamperLid,Safe,-5.000390625
1337,LaundryHamperLid,Shelf,-3.388671875
1338,LaundryHamperLid,SideTable,-3.1453125
1339,LaundryHamperLid,SinkBasin,-3.109375
1340,LaundryHamperLid,Sofa,-3.7095703125
1341,LaundryHamperLid,StoveBurner,-6.159375
1342,LaundryHamperLid,TVStand,-5.16875
1343,LaundryHamperLid,Toilet,-6.444921875
1344,Lettuce,ArmChair,-6.421484375
1345,Lettuce,BathtubBasin,-6.59140625
1346,Lettuce,Bed,-4.9703125
1347,Lettuce,Cabinet,-5.762890625
1348,Lettuce,Cart,-4.15859375
1349,Lettuce,CoffeeMachine,-7.13125
1350,Lettuce,CoffeeTable,-7.451171875
1351,Lettuce,CounterTop,-2.9033203125
1352,Lettuce,Desk,-3.829296875
1353,Lettuce,DiningTable,-4.4439453125
1354,Lettuce,Drawer,-4.26640625
1355,Lettuce,Dresser,-3.67666015625
1356,Lettuce,Fridge,-2.2439453125
1357,Lettuce,GarbageCan,-5.4234375
1358,Lettuce,Microwave,-4.90234375
1359,Lettuce,Ottoman,-3.4302734375
1360,Lettuce,Safe,-6.54296875
1361,Lettuce,Shelf,-3.856640625
1362,Lettuce,SideTable,-3.3806640625
1363,Lettuce,SinkBasin,-4.2828125
1364,Lettuce,Sofa,-5.558984375
1365,Lettuce,StoveBurner,-6.487890625
1366,Lettuce,TVStand,-6.1625
1367,Lettuce,Toilet,-7.3974609375
1368,LettuceSliced,ArmChair,-6.232421875
1369,LettuceSliced,BathtubBasin,-7.267578125
1370,LettuceSliced,Bed,-4.8310546875
1371,LettuceSliced,Cabinet,-5.88125
1372,LettuceSliced,Cart,-4.4171875
1373,LettuceSliced,CoffeeMachine,-7.59765625
1374,LettuceSliced,CoffeeTable,-7.07734375
1375,LettuceSliced,CounterTop,-2.40302734375
1376,LettuceSliced,Desk,-3.4009765625
1377,LettuceSliced,DiningTable,-3.771484375
1378,LettuceSliced,Drawer,-4.0046875
1379,LettuceSliced,Dresser,-3.70087890625
1380,LettuceSliced,Fridge,-2.26669921875
1381,LettuceSliced,GarbageCan,-5.7296875
1382,LettuceSliced,Microwave,-5.2203125
1383,LettuceSliced,Ottoman,-3.4880859375
1384,LettuceSliced,Safe,-6.80078125
1385,LettuceSliced,Shelf,-3.5740234375
1386,LettuceSliced,SideTable,-2.72802734375
1387,LettuceSliced,SinkBasin,-4.304296875
1388,LettuceSliced,Sofa,-5.221875
1389,LettuceSliced,StoveBurner,-6.576953125
1390,LettuceSliced,TVStand,-5.824609375
1391,LettuceSliced,Toilet,-7.647265625
1392,LightSwitch,ArmChair,-5.688671875
1393,LightSwitch,BathtubBasin,-7.476171875
1394,LightSwitch,Bed,-5.039453125
1395,LightSwitch,Cabinet,-5.06875
1396,LightSwitch,Cart,-5.95234375
1397,LightSwitch,CoffeeMachine,-5.349609375
1398,LightSwitch,CoffeeTable,-5.5828125
1399,LightSwitch,CounterTop,-4.373828125
1400,LightSwitch,Desk,-2.66220703125
1401,LightSwitch,DiningTable,-4.522265625
1402,LightSwitch,Drawer,-5.14765625
1403,LightSwitch,Dresser,-4.7255859375
1404,LightSwitch,Fridge,-4.36875
1405,LightSwitch,GarbageCan,-8.190234375
1406,LightSwitch,Microwave,-4.608203125
1407,LightSwitch,Ottoman,-4.4734375
1408,LightSwitch,Safe,-4.78125
1409,LightSwitch,Shelf,-4.1591796875
1410,LightSwitch,SideTable,-2.577734375
1411,LightSwitch,SinkBasin,-3.7376953125
1412,LightSwitch,Sofa,-4.59453125
1413,LightSwitch,StoveBurner,-4.1271484375
1414,LightSwitch,TVStand,-3.1748046875
1415,LightSwitch,Toilet,-7.76015625
1416,Mug,ArmChair,-5.513671875
1417,Mug,BathtubBasin,-6.325
1418,Mug,Bed,-4.908984375
1419,Mug,Cabinet,-4.2958984375
1420,Mug,Cart,-5.283203125
1421,Mug,CoffeeMachine,-4.412109375
1422,Mug,CoffeeTable,-4.276953125
1423,Mug,CounterTop,-3.2546875
1424,Mug,Desk,-3.10078125
1425,Mug,DiningTable,-4.518359375
1426,Mug,Drawer,-4.4390625
1427,Mug,Dresser,-5.253515625
1428,Mug,Fridge,-3.558984375
1429,Mug,GarbageCan,-6.08046875
1430,Mug,Microwave,-3.9146484375
1431,Mug,Ottoman,-3.771875
1432,Mug,Safe,-5.190234375
1433,Mug,Shelf,-3.896875
1434,Mug,SideTable,-3.2513671875
1435,Mug,SinkBasin,-3.2123046875
1436,Mug,Sofa,-3.96953125
1437,Mug,StoveBurner,-4.7349609375
1438,Mug,TVStand,-4.86640625
1439,Mug,Toilet,-6.9771484375
1440,Newspaper,ArmChair,-4.7162109375
1441,Newspaper,BathtubBasin,-7.03828125
1442,Newspaper,Bed,-3.90703125
1443,Newspaper,Cabinet,-5.01640625
1444,Newspaper,Cart,-5.24140625
1445,Newspaper,CoffeeMachine,-6.27890625
1446,Newspaper,CoffeeTable,-4.830859375
1447,Newspaper,CounterTop,-3.0759765625
1448,Newspaper,Desk,-3.012890625
1449,Newspaper,DiningTable,-3.65
1450,Newspaper,Drawer,-3.633984375
1451,Newspaper,Dresser,-5.0353515625
1452,Newspaper,Fridge,-3.9064453125
1453,Newspaper,GarbageCan,-5.59140625
1454,Newspaper,Microwave,-6.6
1455,Newspaper,Ottoman,-3.6533203125
1456,Newspaper,Safe,-4.892578125
1457,Newspaper,Shelf,-3.523046875
1458,Newspaper,SideTable,-2.8048828125
1459,Newspaper,SinkBasin,-4.081640625
1460,Newspaper,Sofa,-2.2541015625
1461,Newspaper,StoveBurner,-6.401171875
1462,Newspaper,TVStand,-4.1126953125
1463,Newspaper,Toilet,-6.5705078125
1464,Pan,ArmChair,-6.63359375
1465,Pan,BathtubBasin,-6.520703125
1466,Pan,Bed,-5.0900390625
1467,Pan,Cabinet,-5.303125
1468,Pan,Cart,-5.3681640625
1469,Pan,CoffeeMachine,-5.3953125
1470,Pan,CoffeeTable,-5.729296875
1471,Pan,CounterTop,-3.42255859375
1472,Pan,Desk,-4.6423828125
1473,Pan,DiningTable,-5.0349609375
1474,Pan,Drawer,-5.096484375
1475,Pan,Dresser,-5.697265625
1476,Pan,Fridge,-3.604296875
1477,Pan,GarbageCan,-5.823046875
1478,Pan,Microwave,-4.2142578125
1479,Pan,Ottoman,-4.523828125
1480,Pan,Safe,-5.588671875
1481,Pan,Shelf,-4.440625
1482,Pan,SideTable,-4.1255859375
1483,Pan,SinkBasin,-3.558203125
1484,Pan,Sofa,-5.85390625
1485,Pan,StoveBurner,-3.127734375
1486,Pan,TVStand,-5.73515625
1487,Pan,Toilet,-9.146875
1488,PaperTowel,ArmChair,-5.5171875
1489,PaperTowel,BathtubBasin,-4.913671875
1490,PaperTowel,Bed,-4.5576171875
1491,PaperTowel,Cabinet,-4.3095703125
1492,PaperTowel,Cart,-4.3544921875
1493,PaperTowel,CoffeeMachine,-5.4515625
1494,PaperTowel,CoffeeTable,-4.90546875
1495,PaperTowel,CounterTop,-2.55380859375
1496,PaperTowel,Desk,-2.987890625
1497,PaperTowel,DiningTable,-4.071484375
1498,PaperTowel,Drawer,-3.1462890625
1499,PaperTowel,Dresser,-4.1298828125
1500,PaperTowel,Fridge,-3.599609375
1501,PaperTowel,GarbageCan,-4.5666015625
1502,PaperTowel,Microwave,-5.125390625
1503,PaperTowel,Ottoman,-4.171875
1504,PaperTowel,Safe,-4.65703125
1505,PaperTowel,Shelf,-4.26328125
1506,PaperTowel,SideTable,-3.109375
1507,PaperTowel,SinkBasin,-3.05234375
1508,PaperTowel,Sofa,-3.769921875
1509,PaperTowel,StoveBurner,-6.15625
1510,PaperTowel,TVStand,-5.416015625
1511,PaperTowel,Toilet,-6.7921875
1512,PaperTowelRoll,ArmChair,-6.00390625
1513,PaperTowelRoll,BathtubBasin,-5.34140625
1514,PaperTowelRoll,Bed,-4.8185546875
1515,PaperTowelRoll,Cabinet,-4.242578125
1516,PaperTowelRoll,Cart,-3.9126953125
1517,PaperTowelRoll,CoffeeMachine,-5.690625
1518,PaperTowelRoll,CoffeeTable,-5.21796875
1519,PaperTowelRoll,CounterTop,-2.78798828125
1520,PaperTowelRoll,Desk,-2.94453125
1521,PaperTowelRoll,DiningTable,-4.04609375
1522,PaperTowelRoll,Drawer,-2.72021484375
1523,PaperTowelRoll,Dresser,-3.5205078125
1524,PaperTowelRoll,Fridge,-3.357421875
1525,PaperTowelRoll,GarbageCan,-4.8828125
1526,PaperTowelRoll,Microwave,-5.329296875
1527,PaperTowelRoll,Ottoman,-3.549609375
1528,PaperTowelRoll,Safe,-4.2919921875
1529,PaperTowelRoll,Shelf,-4.134765625
1530,PaperTowelRoll,SideTable,-3.02890625
1531,PaperTowelRoll,SinkBasin,-3.039453125
1532,PaperTowelRoll,Sofa,-3.8859375
1533,PaperTowelRoll,StoveBurner,-6.644921875
1534,PaperTowelRoll,TVStand,-5.04140625
1535,PaperTowelRoll,Toilet,-6.405078125
1536,Pen,ArmChair,-4.919140625
1537,Pen,BathtubBasin,-6.8375
1538,Pen,Bed,-4.6513671875
1539,Pen,Cabinet,-4.7060546875
1540,Pen,Cart,-5.6125
1541,Pen,CoffeeMachine,-4.8087890625
1542,Pen,CoffeeTable,-4.7421875
1543,Pen,CounterTop,-3.2103515625
1544,Pen,Desk,-2.04208984375
1545,Pen,DiningTable,-4.23515625
1546,Pen,Drawer,-3.0869140625
1547,Pen,Dresser,-4.57109375
1548,Pen,Fridge,-4.1662109375
1549,Pen,GarbageCan,-6.351953125
1550,Pen,Microwave,-5.590234375
1551,Pen,Ottoman,-3.5884765625
1552,Pen,Safe,-4.2962890625
1553,Pen,Shelf,-4.086328125
1554,Pen,SideTable,-2.9712890625
1555,Pen,SinkBasin,-3.661328125
1556,Pen,Sofa,-4.2880859375
1557,Pen,StoveBurner,-5.46640625
1558,Pen,TVStand,-5.401171875
1559,Pen,Toilet,-7.5142578125
1560,Pencil,ArmChair,-4.836328125
1561,Pencil,BathtubBasin,-7.192578125
1562,Pencil,Bed,-4.554296875
1563,Pencil,Cabinet,-4.36796875
1564,Pencil,Cart,-5.54140625
1565,Pencil,CoffeeMachine,-4.878515625
1566,Pencil,CoffeeTable,-4.571875
1567,Pencil,CounterTop,-3.3953125
1568,Pencil,Desk,-2.0533203125
1569,Pencil,DiningTable,-4.146484375
1570,Pencil,Drawer,-2.941796875
1571,Pencil,Dresser,-4.334765625
1572,Pencil,Fridge,-4.2494140625
1573,Pencil,GarbageCan,-6.28359375
1574,Pencil,Microwave,-5.844921875
1575,Pencil,Ottoman,-3.48125
1576,Pencil,Safe,-4.4451171875
1577,Pencil,Shelf,-3.961328125
1578,Pencil,SideTable,-2.9830078125
1579,Pencil,SinkBasin,-3.7421875
1580,Pencil,Sofa,-4.146875
1581,Pencil,StoveBurner,-5.512109375
1582,Pencil,TVStand,-5.312109375
1583,Pencil,Toilet,-8.071484375
1584,PepperShaker,ArmChair,-5.621484375
1585,PepperShaker,BathtubBasin,-6.927734375
1586,PepperShaker,Bed,-5.61640625
1587,PepperShaker,Cabinet,-4.4947265625
1588,PepperShaker,Cart,-5.446875
1589,PepperShaker,CoffeeMachine,-3.9408203125
1590,PepperShaker,CoffeeTable,-3.860546875
1591,PepperShaker,CounterTop,-2.760546875
1592,PepperShaker,Desk,-3.0310546875
1593,PepperShaker,DiningTable,-4.6162109375
1594,PepperShaker,Drawer,-4.3109375
1595,PepperShaker,Dresser,-4.7341796875
1596,PepperShaker,Fridge,-2.7330078125
1597,PepperShaker,GarbageCan,-6.410546875
1598,PepperShaker,Microwave,-4.012890625
1599,PepperShaker,Ottoman,-3.6025390625
1600,PepperShaker,Safe,-4.38359375
1601,PepperShaker,Shelf,-3.184375
1602,PepperShaker,SideTable,-3.02734375
1603,PepperShaker,SinkBasin,-3.5240234375
1604,PepperShaker,Sofa,-5.3109375
1605,PepperShaker,StoveBurner,-3.5177734375
1606,PepperShaker,TVStand,-4.599609375
1607,PepperShaker,Toilet,-6.5099609375
1608,Pillow,ArmChair,-4.4791015625
1609,Pillow,BathtubBasin,-6.209375
1610,Pillow,Bed,-2.8603515625
1611,Pillow,Cabinet,-5.42109375
1612,Pillow,Cart,-4.784765625
1613,Pillow,CoffeeMachine,-6.179296875
1614,Pillow,CoffeeTable,-6.5203125
1615,Pillow,CounterTop,-5.012109375
1616,Pillow,Desk,-3.551171875
1617,Pillow,DiningTable,-5.3431640625
1618,Pillow,Drawer,-4.10625
1619,Pillow,Dresser,-4.5021484375
1620,Pillow,Fridge,-5.183203125
1621,Pillow,GarbageCan,-6.58359375
1622,Pillow,Microwave,-5.26640625
1623,Pillow,Ottoman,-3.1
1624,Pillow,Safe,-4.640625
1625,Pillow,Shelf,-4.790625
1626,Pillow,SideTable,-3.5779296875
1627,Pillow,SinkBasin,-5.003125
1628,Pillow,Sofa,-1.512646484375
1629,Pillow,StoveBurner,-7.778125
1630,Pillow,TVStand,-5.026953125
1631,Pillow,Toilet,-6.631640625
1632,Plate,ArmChair,-6.54765625
1633,Plate,BathtubBasin,-6.437890625
1634,Plate,Bed,-4.9990234375
1635,Plate,Cabinet,-4.2619140625
1636,Plate,Cart,-5.0287109375
1637,Plate,CoffeeMachine,-5.222265625
1638,Plate,CoffeeTable,-5.837890625
1639,Plate,CounterTop,-3.5314453125
1640,Plate,Desk,-3.5525390625
1641,Plate,DiningTable,-4.062109375
1642,Plate,Drawer,-4.125390625
1643,Plate,Dresser,-4.41328125
1644,Plate,Fridge,-3.2392578125
1645,Plate,GarbageCan,-5.3455078125
1646,Plate,Microwave,-4.7634765625
1647,Plate,Ottoman,-3.759765625
1648,Plate,Safe,-5.0796875
1649,Plate,Shelf,-3.8705078125
1650,Plate,SideTable,-3.6552734375
1651,Plate,SinkBasin,-3.3966796875
1652,Plate,Sofa,-5.026171875
1653,Plate,StoveBurner,-5.72890625
1654,Plate,TVStand,-5.54296875
1655,Plate,Toilet,-7.158984375
1656,Plunger,ArmChair,-6.576171875
1657,Plunger,BathtubBasin,-5.304296875
1658,Plunger,Bed,-4.98046875
1659,Plunger,Cabinet,-3.597265625
1660,Plunger,Cart,-4.6802734375
1661,Plunger,CoffeeMachine,-3.5755859375
1662,Plunger,CoffeeTable,-4.87421875
1663,Plunger,CounterTop,-3.732421875
1664,Plunger,Desk,-3.465234375
1665,Plunger,DiningTable,-5.3474609375
1666,Plunger,Drawer,-3.185546875
1667,Plunger,Dresser,-3.7103515625
1668,Plunger,Fridge,-2.8392578125
1669,Plunger,GarbageCan,-4.1658203125
1670,Plunger,Microwave,-4.6525390625
1671,Plunger,Ottoman,-3.7240234375
1672,Plunger,Safe,-3.4734375
1673,Plunger,Shelf,-4.5552734375
1674,Plunger,SideTable,-3.82265625
1675,Plunger,SinkBasin,-3.27890625
1676,Plunger,Sofa,-4.7208984375
1677,Plunger,StoveBurner,-4.2947265625
1678,Plunger,TVStand,-6.125390625
1679,Plunger,Toilet,-5.3759765625
1680,Pot,ArmChair,-8.00859375
1681,Pot,BathtubBasin,-6.85234375
1682,Pot,Bed,-6.83046875
1683,Pot,Cabinet,-5.354296875
1684,Pot,Cart,-6.155859375
1685,Pot,CoffeeMachine,-4.95859375
1686,Pot,CoffeeTable,-5.326171875
1687,Pot,CounterTop,-4.451171875
1688,Pot,Desk,-5.8095703125
1689,Pot,DiningTable,-6.497265625
1690,Pot,Drawer,-6.6171875
1691,Pot,Dresser,-6.851953125
1692,Pot,Fridge,-4.858984375
1693,Pot,GarbageCan,-6.4734375
1694,Pot,Microwave,-5.09296875
1695,Pot,Ottoman,-5.52265625
1696,Pot,Safe,-6.3359375
1697,Pot,Shelf,-5.478125
1698,Pot,SideTable,-5.61953125
1699,Pot,SinkBasin,-4.2927734375
1700,Pot,Sofa,-7.03984375
1701,Pot,StoveBurner,-3.0669921875
1702,Pot,TVStand,-7.4984375
1703,Pot,Toilet,-7.219921875
1704,Potato,ArmChair,-7.17265625
1705,Potato,BathtubBasin,-7.0671875
1706,Potato,Bed,-6.191796875
1707,Potato,Cabinet,-6.105078125
1708,Potato,Cart,-4.6880859375
1709,Potato,CoffeeMachine,-6.30625
1710,Potato,CoffeeTable,-7.227734375
1711,Potato,CounterTop,-3.9107421875
1712,Potato,Desk,-4.919140625
1713,Potato,DiningTable,-6.169140625
1714,Potato,Drawer,-5.986328125
1715,Potato,Dresser,-5.7341796875
1716,Potato,Fridge,-3.9412109375
1717,Potato,GarbageCan,-5.55
1718,Potato,Microwave,-3.795703125
1719,Potato,Ottoman,-4.31953125
1720,Potato,Safe,-6.265234375
1721,Potato,Shelf,-5.278125
1722,Potato,SideTable,-4.6748046875
1723,Potato,SinkBasin,-5.02734375
1724,Potato,Sofa,-5.95625
1725,Potato,StoveBurner,-5.1576171875
1726,Potato,TVStand,-6.48203125
1727,Potato,Toilet,-8.07890625
1728,PotatoSliced,ArmChair,-6.376171875
1729,PotatoSliced,BathtubBasin,-6.654296875
1730,PotatoSliced,Bed,-5.184765625
1731,PotatoSliced,Cabinet,-5.032421875
1732,PotatoSliced,Cart,-3.848828125
1733,PotatoSliced,CoffeeMachine,-5.67421875
1734,PotatoSliced,CoffeeTable,-5.8875
1735,PotatoSliced,CounterTop,-2.38994140625
1736,PotatoSliced,Desk,-3.498046875
1737,PotatoSliced,DiningTable,-4.52421875
1738,PotatoSliced,Drawer,-4.29375
1739,PotatoSliced,Dresser,-4.5017578125
1740,PotatoSliced,Fridge,-2.42529296875
1741,PotatoSliced,GarbageCan,-4.7880859375
1742,PotatoSliced,Microwave,-2.829296875
1743,PotatoSliced,Ottoman,-3.1279296875
1744,PotatoSliced,Safe,-5.49375
1745,PotatoSliced,Shelf,-3.809375
1746,PotatoSliced,SideTable,-3.0091796875
1747,PotatoSliced,SinkBasin,-3.8240234375
1748,PotatoSliced,Sofa,-4.8357421875
1749,PotatoSliced,StoveBurner,-4.2431640625
1750,PotatoSliced,TVStand,-5.2623046875
1751,PotatoSliced,Toilet,-7.859375
1752,RemoteControl,ArmChair,-5.508984375
1753,RemoteControl,BathtubBasin,-7.43984375
1754,RemoteControl,Bed,-4.887890625
1755,RemoteControl,Cabinet,-4.4591796875
1756,RemoteControl,Cart,-5.180859375
1757,RemoteControl,CoffeeMachine,-5.09921875
1758,RemoteControl,CoffeeTable,-4.923046875
1759,RemoteControl,CounterTop,-4.6041015625
1760,RemoteControl,Desk,-2.833203125
1761,RemoteControl,DiningTable,-4.8154296875
1762,RemoteControl,Drawer,-3.4845703125
1763,RemoteControl,Dresser,-4.00078125
1764,RemoteControl,Fridge,-3.408984375
1765,RemoteControl,GarbageCan,-7.5796875
1766,RemoteControl,Microwave,-4.528125
1767,RemoteControl,Ottoman,-3.4251953125
1768,RemoteControl,Safe,-4.4169921875
1769,RemoteControl,Shelf,-4.3025390625
1770,RemoteControl,SideTable,-3.01796875
1771,RemoteControl,SinkBasin,-3.7056640625
1772,RemoteControl,Sofa,-3.162109375
1773,RemoteControl,StoveBurner,-6.252734375
1774,RemoteControl,TVStand,-2.471484375
1775,RemoteControl,Toilet,-7.0125
1776,SaltShaker,ArmChair,-6.067578125
1777,SaltShaker,BathtubBasin,-5.723828125
1778,SaltShaker,Bed,-5.0458984375
1779,SaltShaker,Cabinet,-4.250390625
1780,SaltShaker,Cart,-5.182421875
1781,SaltShaker,CoffeeMachine,-5.403125
1782,SaltShaker,CoffeeTable,-4.997265625
1783,SaltShaker,CounterTop,-2.76337890625
1784,SaltShaker,Desk,-3.1087890625
1785,SaltShaker,DiningTable,-4.20078125
1786,SaltShaker,Drawer,-4.6404296875
1787,SaltShaker,Dresser,-4.257421875
1788,SaltShaker,Fridge,-3.303515625
1789,SaltShaker,GarbageCan,-6.08828125
1790,SaltShaker,Microwave,-5.281640625
1791,SaltShaker,Ottoman,-3.8865234375
1792,SaltShaker,Safe,-4.1296875
1793,SaltShaker,Shelf,-2.7025390625
1794,SaltShaker,SideTable,-2.734765625
1795,SaltShaker,SinkBasin,-2.909375
1796,SaltShaker,Sofa,-5.0609375
1797,SaltShaker,StoveBurner,-4.1701171875
1798,SaltShaker,TVStand,-5.233984375
1799,SaltShaker,Toilet,-6.201953125
1800,ScrubBrush,ArmChair,-5.080859375
1801,ScrubBrush,BathtubBasin,-4.568359375
1802,ScrubBrush,Bed,-5.77890625
1803,ScrubBrush,Cabinet,-3.7826171875
1804,ScrubBrush,Cart,-5.1376953125
1805,ScrubBrush,CoffeeMachine,-4.4974609375
1806,ScrubBrush,CoffeeTable,-4.725390625
1807,ScrubBrush,CounterTop,-2.88154296875
1808,ScrubBrush,Desk,-2.9158203125
1809,ScrubBrush,DiningTable,-4.386328125
1810,ScrubBrush,Drawer,-3.4287109375
1811,ScrubBrush,Dresser,-3.762890625
1812,ScrubBrush,Fridge,-4.0685546875
1813,ScrubBrush,GarbageCan,-5.11640625
1814,ScrubBrush,Microwave,-4.3552734375
1815,ScrubBrush,Ottoman,-3.2283203125
1816,ScrubBrush,Safe,-4.7673828125
1817,ScrubBrush,Shelf,-3.762890625
1818,ScrubBrush,SideTable,-3.466015625
1819,ScrubBrush,SinkBasin,-2.61806640625
1820,ScrubBrush,Sofa,-4.6001953125
1821,ScrubBrush,StoveBurner,-4.6923828125
1822,ScrubBrush,TVStand,-5.069140625
1823,ScrubBrush,Toilet,-6.7150390625
1824,ShowerDoor,ArmChair,-6.6609375
1825,ShowerDoor,BathtubBasin,-5.05625
1826,ShowerDoor,Bed,-5.304296875
1827,ShowerDoor,Cabinet,-4.6947265625
1828,ShowerDoor,Cart,-6.6296875
1829,ShowerDoor,CoffeeMachine,-6.858984375
1830,ShowerDoor,CoffeeTable,-5.940625
1831,ShowerDoor,CounterTop,-4.9265625
1832,ShowerDoor,Desk,-4.1060546875
1833,ShowerDoor,DiningTable,-5.646484375
1834,ShowerDoor,Drawer,-6.298828125
1835,ShowerDoor,Dresser,-6.05390625
1836,ShowerDoor,Fridge,-5.5140625
1837,ShowerDoor,GarbageCan,-7.918359375
1838,ShowerDoor,Microwave,-5.93359375
1839,ShowerDoor,Ottoman,-5.62109375
1840,ShowerDoor,Safe,-5.723046875
1841,ShowerDoor,Shelf,-4.804296875
1842,ShowerDoor,SideTable,-3.7802734375
1843,ShowerDoor,SinkBasin,-3.8693359375
1844,ShowerDoor,Sofa,-4.8921875
1845,ShowerDoor,StoveBurner,-5.805078125
1846,ShowerDoor,TVStand,-4.8462890625
1847,ShowerDoor,Toilet,-5.4744140625
1848,SoapBar,ArmChair,-7.062109375
1849,SoapBar,BathtubBasin,-3.5767578125
1850,SoapBar,Bed,-4.953515625
1851,SoapBar,Cabinet,-4.0966796875
1852,SoapBar,Cart,-4.761328125
1853,SoapBar,CoffeeMachine,-5.715625
1854,SoapBar,CoffeeTable,-5.8546875
1855,SoapBar,CounterTop,-2.78212890625
1856,SoapBar,Desk,-3.674609375
1857,SoapBar,DiningTable,-5.3607421875
1858,SoapBar,Drawer,-3.465625
1859,SoapBar,Dresser,-3.6423828125
1860,SoapBar,Fridge,-3.4560546875
1861,SoapBar,GarbageCan,-4.908203125
1862,SoapBar,Microwave,-5.169140625
1863,SoapBar,Ottoman,-3.6572265625
1864,SoapBar,Safe,-3.2240234375
1865,SoapBar,Shelf,-3.396875
1866,SoapBar,SideTable,-3.4837890625
1867,SoapBar,SinkBasin,-3.091015625
1868,SoapBar,Sofa,-4.51640625
1869,SoapBar,StoveBurner,-5.75234375
1870,SoapBar,TVStand,-5.91875
1871,SoapBar,Toilet,-6.2138671875
1872,SoapBottle,ArmChair,-6.473828125
1873,SoapBottle,BathtubBasin,-4.0248046875
1874,SoapBottle,Bed,-4.95078125
1875,SoapBottle,Cabinet,-3.99140625
1876,SoapBottle,Cart,-4.85625
1877,SoapBottle,CoffeeMachine,-5.284765625
1878,SoapBottle,CoffeeTable,-5.40390625
1879,SoapBottle,CounterTop,-2.93544921875
1880,SoapBottle,Desk,-3.27265625
1881,SoapBottle,DiningTable,-5.0716796875
1882,SoapBottle,Drawer,-4.0130859375
1883,SoapBottle,Dresser,-3.9896484375
1884,SoapBottle,Fridge,-3.411328125
1885,SoapBottle,GarbageCan,-5.106640625
1886,SoapBottle,Microwave,-4.768359375
1887,SoapBottle,Ottoman,-4.1681640625
1888,SoapBottle,Safe,-3.538671875
1889,SoapBottle,Shelf,-3.278125
1890,SoapBottle,SideTable,-3.2294921875
1891,SoapBottle,SinkBasin,-2.865625
1892,SoapBottle,Sofa,-4.6119140625
1893,SoapBottle,StoveBurner,-4.95
1894,SoapBottle,TVStand,-5.175
1895,SoapBottle,Toilet,-4.8384765625
1896,Spatula,ArmChair,-6.06015625
1897,Spatula,BathtubBasin,-5.89921875
1898,Spatula,Bed,-5.80703125
1899,Spatula,Cabinet,-3.7611328125
1900,Spatula,Cart,-4.778125
1901,Spatula,CoffeeMachine,-3.9541015625
1902,Spatula,CoffeeTable,-4.715625
1903,Spatula,CounterTop,-3.06328125
1904,Spatula,Desk,-3.1408203125
1905,Spatula,DiningTable,-4.165625
1906,Spatula,Drawer,-2.955859375
1907,Spatula,Dresser,-3.975
1908,Spatula,Fridge,-2.888671875
1909,Spatula,GarbageCan,-4.8330078125
1910,Spatula,Microwave,-3.9982421875
1911,Spatula,Ottoman,-3.365234375
1912,Spatula,Safe,-5.1806640625
1913,Spatula,Shelf,-4.256640625
1914,Spatula,SideTable,-3.419140625
1915,Spatula,SinkBasin,-2.7484375
1916,Spatula,Sofa,-5.051171875
1917,Spatula,StoveBurner,-3.7583984375
1918,Spatula,TVStand,-6.309375
1919,Spatula,Toilet,-8.046484375
1920,Spoon,ArmChair,-5.5890625
1921,Spoon,BathtubBasin,-6.05703125
1922,Spoon,Bed,-5.3365234375
1923,Spoon,Cabinet,-3.9396484375
1924,Spoon,Cart,-4.2486328125
1925,Spoon,CoffeeMachine,-4.04453125
1926,Spoon,CoffeeTable,-5.45625
1927,Spoon,CounterTop,-3.3666015625
1928,Spoon,Desk,-3.18876953125
1929,Spoon,DiningTable,-4.35625
1930,Spoon,Drawer,-2.85361328125
1931,Spoon,Dresser,-4.3625
1932,Spoon,Fridge,-3.0470703125
1933,Spoon,GarbageCan,-4.882421875
1934,Spoon,Microwave,-3.820703125
1935,Spoon,Ottoman,-3.1400390625
1936,Spoon,Safe,-4.5587890625
1937,Spoon,Shelf,-4.0294921875
1938,Spoon,SideTable,-3.3439453125
1939,Spoon,SinkBasin,-2.69501953125
1940,Spoon,Sofa,-4.5111328125
1941,Spoon,StoveBurner,-4.6525390625
1942,Spoon,TVStand,-6.003125
1943,Spoon,Toilet,-8.05703125
1944,SprayBottle,ArmChair,-6.2703125
1945,SprayBottle,BathtubBasin,-5.235546875
1946,SprayBottle,Bed,-5.245703125
1947,SprayBottle,Cabinet,-3.7248046875
1948,SprayBottle,Cart,-4.963671875
1949,SprayBottle,CoffeeMachine,-4.1734375
1950,SprayBottle,CoffeeTable,-4.3953125
1951,SprayBottle,CounterTop,-2.693359375
1952,SprayBottle,Desk,-3.206640625
1953,SprayBottle,DiningTable,-5.000390625
1954,SprayBottle,Drawer,-4.875390625
1955,SprayBottle,Dresser,-4.4455078125
1956,SprayBottle,Fridge,-3.1333984375
1957,SprayBottle,GarbageCan,-5.55390625
1958,SprayBottle,Microwave,-4.521875
1959,SprayBottle,Ottoman,-4.1439453125
1960,SprayBottle,Safe,-4.3689453125
1961,SprayBottle,Shelf,-3.60546875
1962,SprayBottle,SideTable,-3.41171875
1963,SprayBottle,SinkBasin,-2.928125
1964,SprayBottle,Sofa,-4.8787109375
1965,SprayBottle,StoveBurner,-4.4421875
1966,SprayBottle,TVStand,-5.0353515625
1967,SprayBottle,Toilet,-5.3287109375
1968,Statue,ArmChair,-5.319921875
1969,Statue,BathtubBasin,-5.76328125
1970,Statue,Bed,-3.9560546875
1971,Statue,Cabinet,-3.84140625
1972,Statue,Cart,-5.6875
1973,Statue,CoffeeMachine,-6.011328125
1974,Statue,CoffeeTable,-5.614453125
1975,Statue,CounterTop,-3.8333984375
1976,Statue,Desk,-3.00283203125
1977,Statue,DiningTable,-4.1365234375
1978,Statue,Drawer,-4.706640625
1979,Statue,Dresser,-4.622265625
1980,Statue,Fridge,-4.0111328125
1981,Statue,GarbageCan,-6.6171875
1982,Statue,Microwave,-6.555859375
1983,Statue,Ottoman,-3.0658203125
1984,Statue,Safe,-4.3294921875
1985,Statue,Shelf,-3.1201171875
1986,Statue,SideTable,-2.7603515625
1987,Statue,SinkBasin,-4.09453125
1988,Statue,Sofa,-3.4421875
1989,Statue,StoveBurner,-5.71484375
1990,Statue,TVStand,-4.1642578125
1991,Statue,Toilet,-5.72421875
1992,StoveKnob,ArmChair,-5.3078125
1993,StoveKnob,BathtubBasin,-6.973828125
1994,StoveKnob,Bed,-5.2353515625
1995,StoveKnob,Cabinet,-4.682421875
1996,StoveKnob,Cart,-6.630859375
1997,StoveKnob,CoffeeMachine,-4.6828125
1998,StoveKnob,CoffeeTable,-4.669140625
1999,StoveKnob,CounterTop,-3.8154296875
2000,StoveKnob,Desk,-3.2810546875
2001,StoveKnob,DiningTable,-4.8810546875
2002,StoveKnob,Drawer,-5.2609375
2003,StoveKnob,Dresser,-4.930859375
2004,StoveKnob,Fridge,-3.8328125
2005,StoveKnob,GarbageCan,-7.407421875
2006,StoveKnob,Microwave,-4.3455078125
2007,StoveKnob,Ottoman,-4.3220703125
2008,StoveKnob,Safe,-4.074609375
2009,StoveKnob,Shelf,-4.3802734375
2010,StoveKnob,SideTable,-2.75703125
2011,StoveKnob,SinkBasin,-3.2001953125
2012,StoveKnob,Sofa,-4.480078125
2013,StoveKnob,StoveBurner,-2.149609375
2014,StoveKnob,TVStand,-4.374609375
2015,StoveKnob,Toilet,-7.62890625
2016,TeddyBear,ArmChair,-4.848828125
2017,TeddyBear,BathtubBasin,-5.877734375
2018,TeddyBear,Bed,-3.209375
2019,TeddyBear,Cabinet,-4.394921875
2020,TeddyBear,Cart,-4.9439453125
2021,TeddyBear,CoffeeMachine,-6.232421875
2022,TeddyBear,CoffeeTable,-5.880859375
2023,TeddyBear,CounterTop,-4.308984375
2024,TeddyBear,Desk,-3.3603515625
2025,TeddyBear,DiningTable,-4.5115234375
2026,TeddyBear,Drawer,-3.418359375
2027,TeddyBear,Dresser,-3.7392578125
2028,TeddyBear,Fridge,-3.7611328125
2029,TeddyBear,GarbageCan,-5.532421875
2030,TeddyBear,Microwave,-5.2609375
2031,TeddyBear,Ottoman,-3.491796875
2032,TeddyBear,Safe,-3.9845703125
2033,TeddyBear,Shelf,-3.9734375
2034,TeddyBear,SideTable,-3.2669921875
2035,TeddyBear,SinkBasin,-4.1
2036,TeddyBear,Sofa,-1.93564453125
2037,TeddyBear,StoveBurner,-6.83984375
2038,TeddyBear,TVStand,-4.5560546875
2039,TeddyBear,Toilet,-6.146875
2040,Television,ArmChair,-7.439453125
2041,Television,BathtubBasin,-8.701171875
2042,Television,Bed,-5.662890625
2043,Television,Cabinet,-6.193359375
2044,Television,Cart,-7.21484375
2045,Television,CoffeeMachine,-8.4359375
2046,Television,CoffeeTable,-7.323046875
2047,Television,CounterTop,-5.46875
2048,Television,Desk,-4.7701171875
2049,Television,DiningTable,-6.4
2050,Television,Drawer,-6.509765625
2051,Television,Dresser,-6.090234375
2052,Television,Fridge,-6.00078125
2053,Television,GarbageCan,-9.9796875
2054,Television,Microwave,-7.64609375
2055,Television,Ottoman,-5.465234375
2056,Television,Safe,-6.919921875
2057,Television,Shelf,-5.129296875
2058,Television,SideTable,-5.125390625
2059,Television,SinkBasin,-6.0203125
2060,Television,Sofa,-5.265625
2061,Television,StoveBurner,-8.30078125
2062,Television,TVStand,-3.80703125
2063,Television,Toilet,-7.71484375
2064,TennisRacket,ArmChair,-5.06796875
2065,TennisRacket,BathtubBasin,-6.1
2066,TennisRacket,Bed,-4.202734375
2067,TennisRacket,Cabinet,-3.99375
2068,TennisRacket,Cart,-4.869921875
2069,TennisRacket,CoffeeMachine,-6.0140625
2070,TennisRacket,CoffeeTable,-5.58515625
2071,TennisRacket,CounterTop,-3.7015625
2072,TennisRacket,Desk,-2.30107421875
2073,TennisRacket,DiningTable,-3.8484375
2074,TennisRacket,Drawer,-3.751171875
2075,TennisRacket,Dresser,-3.56796875
2076,TennisRacket,Fridge,-3.7669921875
2077,TennisRacket,GarbageCan,-6.216796875
2078,TennisRacket,Microwave,-5.15390625
2079,TennisRacket,Ottoman,-3.021875
2080,TennisRacket,Safe,-4.1236328125
2081,TennisRacket,Shelf,-3.789453125
2082,TennisRacket,SideTable,-3.0408203125
2083,TennisRacket,SinkBasin,-3.376953125
2084,TennisRacket,Sofa,-3.6525390625
2085,TennisRacket,StoveBurner,-5.78125
2086,TennisRacket,TVStand,-3.405078125
2087,TennisRacket,Toilet,-6.695703125
2088,TissueBox,ArmChair,-5.710546875
2089,TissueBox,BathtubBasin,-5.633984375
2090,TissueBox,Bed,-3.9658203125
2091,TissueBox,Cabinet,-4.00546875
2092,TissueBox,Cart,-5.0669921875
2093,TissueBox,CoffeeMachine,-6.1625
2094,TissueBox,CoffeeTable,-5.34609375
2095,TissueBox,CounterTop,-2.91650390625
2096,TissueBox,Desk,-2.8931640625
2097,TissueBox,DiningTable,-4.2125
2098,TissueBox,Drawer,-3.153515625
2099,TissueBox,Dresser,-4.1361328125
2100,TissueBox,Fridge,-3.7599609375
2101,TissueBox,GarbageCan,-6.109375
2102,TissueBox,Microwave,-5.455859375
2103,TissueBox,Ottoman,-3.9595703125
2104,TissueBox,Safe,-4.176171875
2105,TissueBox,Shelf,-2.990625
2106,TissueBox,SideTable,-2.5009765625
2107,TissueBox,SinkBasin,-3.7361328125
2108,TissueBox,Sofa,-3.5638671875
2109,TissueBox,StoveBurner,-6.3765625
2110,TissueBox,TVStand,-4.6197265625
2111,TissueBox,Toilet,-5.558984375
2112,ToiletPaper,ArmChair,-6.97109375
2113,ToiletPaper,BathtubBasin,-6.55703125
2114,ToiletPaper,Bed,-6.178515625
2115,ToiletPaper,Cabinet,-5.56875
2116,ToiletPaper,Cart,-6.987109375
2117,ToiletPaper,CoffeeMachine,-7.3546875
2118,ToiletPaper,CoffeeTable,-6.761328125
2119,ToiletPaper,CounterTop,-4.2568359375
2120,ToiletPaper,Desk,-4.898046875
2121,ToiletPaper,DiningTable,-5.93203125
2122,ToiletPaper,Drawer,-5.678125
2123,ToiletPaper,Dresser,-7.41953125
2124,ToiletPaper,Fridge,-6.0765625
2125,ToiletPaper,GarbageCan,-6.612109375
2126,ToiletPaper,Microwave,-8.88828125
2127,ToiletPaper,Ottoman,-6.374609375
2128,ToiletPaper,Safe,-6.646875
2129,ToiletPaper,Shelf,-5.29453125
2130,ToiletPaper,SideTable,-4.241796875
2131,ToiletPaper,SinkBasin,-5.856640625
2132,ToiletPaper,Sofa,-6.48203125
2133,ToiletPaper,StoveBurner,-8.178515625
2134,ToiletPaper,TVStand,-7.29609375
2135,ToiletPaper,Toilet,-5.35283203125
2136,ToiletPaperHanger,ArmChair,-5.819140625
2137,ToiletPaperHanger,BathtubBasin,-5.39296875
2138,ToiletPaperHanger,Bed,-5.0638671875
2139,ToiletPaperHanger,Cabinet,-3.64609375
2140,ToiletPaperHanger,Cart,-5.55234375
2141,ToiletPaperHanger,CoffeeMachine,-5.89453125
2142,ToiletPaperHanger,CoffeeTable,-5.900390625
2143,ToiletPaperHanger,CounterTop,-3.5048828125
2144,ToiletPaperHanger,Desk,-3.252734375
2145,ToiletPaperHanger,DiningTable,-4.58359375
2146,ToiletPaperHanger,Drawer,-3.75078125
2147,ToiletPaperHanger,Dresser,-4.426171875
2148,ToiletPaperHanger,Fridge,-4.148828125
2149,ToiletPaperHanger,GarbageCan,-5.379296875
2150,ToiletPaperHanger,Microwave,-6.382421875
2151,ToiletPaperHanger,Ottoman,-4.0537109375
2152,ToiletPaperHanger,Safe,-4.6171875
2153,ToiletPaperHanger,Shelf,-3.6677734375
2154,ToiletPaperHanger,SideTable,-2.8828125
2155,ToiletPaperHanger,SinkBasin,-3.723046875
2156,ToiletPaperHanger,Sofa,-5.1568359375
2157,ToiletPaperHanger,StoveBurner,-6.478515625
2158,ToiletPaperHanger,TVStand,-5.171875
2159,ToiletPaperHanger,Toilet,-4.8107421875
2160,ToiletPaperRoll,ArmChair,-6.16484375
2161,ToiletPaperRoll,BathtubBasin,-4.92734375
2162,ToiletPaperRoll,Bed,-5.134375
2163,ToiletPaperRoll,Cabinet,-3.9025390625
2164,ToiletPaperRoll,Cart,-4.9474609375
2165,ToiletPaperRoll,CoffeeMachine,-5.8828125
2166,ToiletPaperRoll,CoffeeTable,-5.851171875
2167,ToiletPaperRoll,CounterTop,-3.27724609375
2168,ToiletPaperRoll,Desk,-3.6701171875
2169,ToiletPaperRoll,DiningTable,-4.7716796875
2170,ToiletPaperRoll,Drawer,-3.6662109375
2171,ToiletPaperRoll,Dresser,-5.04609375
2172,ToiletPaperRoll,Fridge,-4.0810546875
2173,ToiletPaperRoll,GarbageCan,-4.778515625
2174,ToiletPaperRoll,Microwave,-6.717578125
2175,ToiletPaperRoll,Ottoman,-4.0974609375
2176,ToiletPaperRoll,Safe,-4.6029296875
2177,ToiletPaperRoll,Shelf,-4.19453125
2178,ToiletPaperRoll,SideTable,-3.069921875
2179,ToiletPaperRoll,SinkBasin,-3.9541015625
2180,ToiletPaperRoll,Sofa,-5.184765625
2181,ToiletPaperRoll,StoveBurner,-7.3578125
2182,ToiletPaperRoll,TVStand,-5.8671875
2183,ToiletPaperRoll,Toilet,-4.5150390625
2184,Tomato,ArmChair,-5.937890625
2185,Tomato,BathtubBasin,-6.166015625
2186,Tomato,Bed,-5.1486328125
2187,Tomato,Cabinet,-5.2140625
2188,Tomato,Cart,-4.908984375
2189,Tomato,CoffeeMachine,-5.543359375
2190,Tomato,CoffeeTable,-5.38828125
2191,Tomato,CounterTop,-2.40185546875
2192,Tomato,Desk,-3.8419921875
2193,Tomato,DiningTable,-5.0431640625
2194,Tomato,Drawer,-4.880859375
2195,Tomato,Dresser,-5.01953125
2196,Tomato,Fridge,-2.6388671875
2197,Tomato,GarbageCan,-5.37734375
2198,Tomato,Microwave,-3.4333984375
2199,Tomato,Ottoman,-3.7716796875
2200,Tomato,Safe,-5.798828125
2201,Tomato,Shelf,-3.5216796875
2202,Tomato,SideTable,-3.4158203125
2203,Tomato,SinkBasin,-3.8744140625
2204,Tomato,Sofa,-5.412109375
2205,Tomato,StoveBurner,-4.5830078125
2206,Tomato,TVStand,-5.037109375
2207,Tomato,Toilet,-6.345703125
2208,TomatoSliced,ArmChair,-6.2515625
2209,TomatoSliced,BathtubBasin,-6.6921875
2210,TomatoSliced,Bed,-5.3296875
2211,TomatoSliced,Cabinet,-5.212890625
2212,TomatoSliced,Cart,-4.9033203125
2213,TomatoSliced,CoffeeMachine,-6.055078125
2214,TomatoSliced,CoffeeTable,-5.430078125
2215,TomatoSliced,CounterTop,-2.0228515625
2216,TomatoSliced,Desk,-3.540625
2217,TomatoSliced,DiningTable,-4.59140625
2218,TomatoSliced,Drawer,-4.40078125
2219,TomatoSliced,Dresser,-4.4953125
2220,TomatoSliced,Fridge,-2.3533203125
2221,TomatoSliced,GarbageCan,-5.34609375
2222,TomatoSliced,Microwave,-3.48125
2223,TomatoSliced,Ottoman,-3.683203125
2224,TomatoSliced,Safe,-5.9546875
2225,TomatoSliced,Shelf,-3.5060546875
2226,TomatoSliced,SideTable,-2.9953125
2227,TomatoSliced,SinkBasin,-3.8287109375
2228,TomatoSliced,Sofa,-5.466796875
2229,TomatoSliced,StoveBurner,-4.626953125
2230,TomatoSliced,TVStand,-5.0623046875
2231,TomatoSliced,Toilet,-6.9509765625
2232,Towel,ArmChair,-4.5033203125
2233,Towel,BathtubBasin,-4.432421875
2234,Towel,Bed,-3.390625
2235,Towel,Cabinet,-4.378125
2236,Towel,Cart,-4.72734375
2237,Towel,CoffeeMachine,-6.465234375
2238,Towel,CoffeeTable,-5.621484375
2239,Towel,CounterTop,-3.195703125
2240,Towel,Desk,-3.1470703125
2241,Towel,DiningTable,-4.039453125
2242,Towel,Drawer,-3.2591796875
2243,Towel,Dresser,-4.1203125
2244,Towel,Fridge,-4.557421875
2245,Towel,GarbageCan,-5.895703125
2246,Towel,Microwave,-5.17578125
2247,Towel,Ottoman,-4.0072265625
2248,Towel,Safe,-5.0447265625
2249,Towel,Shelf,-3.976953125
2250,Towel,SideTable,-3.025
2251,Towel,SinkBasin,-3.4263671875
2252,Towel,Sofa,-2.9623046875
2253,Towel,StoveBurner,-6.229296875
2254,Towel,TVStand,-4.713671875
2255,Towel,Toilet,-7.407421875
2256,Vase,ArmChair,-6.192578125
2257,Vase,BathtubBasin,-5.99765625
2258,Vase,Bed,-4.172265625
2259,Vase,Cabinet,-4.265625
2260,Vase,Cart,-5.40703125
2261,Vase,CoffeeMachine,-5.8765625
2262,Vase,CoffeeTable,-5.30234375
2263,Vase,CounterTop,-3.2380859375
2264,Vase,Desk,-2.95634765625
2265,Vase,DiningTable,-3.7546875
2266,Vase,Drawer,-4.646484375
2267,Vase,Dresser,-4.2998046875
2268,Vase,Fridge,-4.02265625
2269,Vase,GarbageCan,-6.27734375
2270,Vase,Microwave,-5.797265625
2271,Vase,Ottoman,-3.9376953125
2272,Vase,Safe,-5.337890625
2273,Vase,Shelf,-3.201953125
2274,Vase,SideTable,-2.645703125
2275,Vase,SinkBasin,-3.6880859375
2276,Vase,Sofa,-3.9169921875
2277,Vase,StoveBurner,-5.821484375
2278,Vase,TVStand,-4.814453125
2279,Vase,Toilet,-6.5103515625
2280,Watch,ArmChair,-5.0796875
2281,Watch,BathtubBasin,-6.236328125
2282,Watch,Bed,-3.814453125
2283,Watch,Cabinet,-4.90078125
2284,Watch,Cart,-5.893359375
2285,Watch,CoffeeMachine,-5.76796875
2286,Watch,CoffeeTable,-5.31640625
2287,Watch,CounterTop,-4.1189453125
2288,Watch,Desk,-2.38505859375
2289,Watch,DiningTable,-3.8486328125
2290,Watch,Drawer,-3.9431640625
2291,Watch,Dresser,-4.121484375
2292,Watch,Fridge,-4.1703125
2293,Watch,GarbageCan,-6.878125
2294,Watch,Microwave,-5.33125
2295,Watch,Ottoman,-3.555078125
2296,Watch,Safe,-3.605078125
2297,Watch,Shelf,-2.6263671875
2298,Watch,SideTable,-2.4833984375
2299,Watch,SinkBasin,-3.81015625
2300,Watch,Sofa,-3.7333984375
2301,Watch,StoveBurner,-5.012890625
2302,Watch,TVStand,-3.343359375
2303,Watch,Toilet,-6.7517578125
2304,WateringCan,ArmChair,-6.17265625
2305,WateringCan,BathtubBasin,-5.1921875
2306,WateringCan,Bed,-4.7220703125
2307,WateringCan,Cabinet,-4.5240234375
2308,WateringCan,Cart,-5.41953125
2309,WateringCan,CoffeeMachine,-4.505078125
2310,WateringCan,CoffeeTable,-4.3298828125
2311,WateringCan,CounterTop,-2.82744140625
2312,WateringCan,Desk,-3.750390625
2313,WateringCan,DiningTable,-4.023046875
2314,WateringCan,Drawer,-5.611328125
2315,WateringCan,Dresser,-5.266015625
2316,WateringCan,Fridge,-2.8845703125
2317,WateringCan,GarbageCan,-6.085546875
2318,WateringCan,Microwave,-4.728515625
2319,WateringCan,Ottoman,-4.1859375
2320,WateringCan,Safe,-4.74375
2321,WateringCan,Shelf,-3.426171875
2322,WateringCan,SideTable,-3.2087890625
2323,WateringCan,SinkBasin,-2.73115234375
2324,WateringCan,Sofa,-5.1359375
2325,WateringCan,StoveBurner,-3.53046875
2326,WateringCan,TVStand,-5.0046875
2327,WateringCan,Toilet,-5.96640625
2328,WineBottle,ArmChair,-5.728515625
2329,WineBottle,BathtubBasin,-5.540234375
2330,WineBottle,Bed,-4.275
2331,WineBottle,Cabinet,-4.03046875
2332,WineBottle,Cart,-4.9884765625
2333,WineBottle,CoffeeMachine,-5.919140625
2334,WineBottle,CoffeeTable,-5.458984375
2335,WineBottle,CounterTop,-3.236328125
2336,WineBottle,Desk,-2.69541015625
2337,WineBottle,DiningTable,-3.9548828125
2338,WineBottle,Drawer,-3.9625
2339,WineBottle,Dresser,-4.004296875
2340,WineBottle,Fridge,-2.72265625
2341,WineBottle,GarbageCan,-5.86875
2342,WineBottle,Microwave,-5.650390625
2343,WineBottle,Ottoman,-4.0099609375
2344,WineBottle,Safe,-3.7169921875
2345,WineBottle,Shelf,-3.03828125
2346,WineBottle,SideTable,-2.984375
2347,WineBottle,SinkBasin,-3.4421875
2348,WineBottle,Sofa,-4.2154296875
2349,WineBottle,StoveBurner,-4.9068359375
2350,WineBottle,TVStand,-4.299609375
2351,WineBottle,Toilet,-5.95703125
